<?xml version="1.0" encoding="UTF-8"?>
<qes:espresso xsi:schemaLocation="http://www.quantum-espresso.org/ns/qes/qes-1.0 http://www.quantum-espresso.org/ns/qes/qes_030920.xsd" Units="Hartree atomic units" xmlns:xsi="http://www.w3.org/2001/XMLSchema-instance" xmlns:qes="http://www.quantum-espresso.org/ns/qes/qes-1.0">
  <!--All quantities are in Hartree atomic units unless otherwise specified-->
  <general_info>
    <xml_format NAME="QEXSD" VERSION="20.04.20">QEXSD_20.04.20</xml_format>
    <creator NAME="PWSCF" VERSION="6.7MaX">XML file generated by PWSCF</creator>
    <created DATE="30Dec2020" TIME=" 7:43:56">This run was terminated on:   7:43:56  30 Dec 2020</created>
    <job></job>
  </general_info>
  <parallel_info>
    <nprocs>12</nprocs>
    <nthreads>1</nthreads>
    <ntasks>1</ntasks>
    <nbgrp>1</nbgrp>
    <npool>1</npool>
    <ndiag>4</ndiag>
  </parallel_info>
  <input>
    <control_variables>
      <title></title>
      <calculation>scf</calculation>
      <restart_mode>from_scratch</restart_mode>
      <prefix>Al001+H_bc3_n215</prefix>
      <pseudo_dir>/cluster-001-share/groups/otani-lab/Programs/q-e_g_esm/pseudo/</pseudo_dir>
      <outdir>/cluster-001-share/groups/otani-lab/Programs/q-e_g_esm/tempdir/</outdir>
      <stress>false</stress>
      <forces>false</forces>
      <wf_collect>true</wf_collect>
      <disk_io>low</disk_io>
      <max_seconds>10000000</max_seconds>
      <nstep>1</nstep>
      <etot_conv_thr>5.000000000000000e-5</etot_conv_thr>
      <forc_conv_thr>5.000000000000000e-4</forc_conv_thr>
      <press_conv_thr>5.000000000000000e-1</press_conv_thr>
      <verbosity>low</verbosity>
      <print_every>100000</print_every>
    </control_variables>
    <atomic_species ntyp="2">
      <species name="Al">
        <mass>2.698153800000000e1</mass>
        <pseudo_file>Al.pbe-n-van.UPF</pseudo_file>
      </species>
      <species name="H">
        <mass>1.007940000000000e0</mass>
        <pseudo_file>H.pbe-van_ak.UPF</pseudo_file>
      </species>
    </atomic_species>
    <atomic_structure nat="5" alat="1.082227686000e1">
      <atomic_positions>
        <atom name="Al" index="1">0.000000000000000e0 0.000000000000000e0 0.000000000000000e0</atom>
        <atom name="Al" index="2">5.411138430000000e0 0.000000000000000e0 0.000000000000000e0</atom>
        <atom name="Al" index="3">0.000000000000000e0 5.411138430000000e0 0.000000000000000e0</atom>
        <atom name="Al" index="4">5.411138430000000e0 5.411138430000000e0 0.000000000000000e0</atom>
        <atom name="H" index="5">5.411138430000000e0 5.411138430000000e0 3.110553670000000e0</atom>
      </atomic_positions>
      <cell>
        <a1>1.082227686000000e1 0.000000000000000e0 0.000000000000000e0</a1>
        <a2>0.000000000000000e0 1.082227686000000e1 0.000000000000000e0</a2>
        <a3>0.000000000000000e0 0.000000000000000e0 2.267672253000000e1</a3>
      </cell>
    </atomic_structure>
    <dft>
      <functional>PBE</functional>
    </dft>
    <spin>
      <lsda>false</lsda>
      <noncolin>false</noncolin>
      <spinorbit>false</spinorbit>
    </spin>
    <bands>
      <smearing degauss="1.000000000000e-2">mv</smearing>
      <tot_charge>2.149999999999999e-2</tot_charge>
      <occupations>smearing</occupations>
    </bands>
    <basis>
      <gamma_only>false</gamma_only>
      <ecutwfc>1.000000000000000e1</ecutwfc>
      <ecutrho>4.000000000000000e1</ecutrho>
    </basis>
    <electron_control>
      <diagonalization>davidson</diagonalization>
      <mixing_mode>plain</mixing_mode>
      <mixing_beta>3.000000000000000e-1</mixing_beta>
      <conv_thr>5.000000000000000e-7</conv_thr>
      <mixing_ndim>8</mixing_ndim>
      <max_nstep>100</max_nstep>
      <real_space_q>false</real_space_q>
      <real_space_beta>false</real_space_beta>
      <tq_smoothing>false</tq_smoothing>
      <tbeta_smoothing>false</tbeta_smoothing>
      <diago_thr_init>0.000000000000000e0</diago_thr_init>
      <diago_full_acc>false</diago_full_acc>
      <diago_cg_maxiter>20</diago_cg_maxiter>
      <diago_ppcg_maxiter>20</diago_ppcg_maxiter>
    </electron_control>
    <k_points_IBZ>
      <monkhorst_pack nk1="6" nk2="6" nk3="1" k1="1" k2="1" k3="0">Uniform grid with offset</monkhorst_pack>
    </k_points_IBZ>
    <ion_control>
      <ion_dynamics>none</ion_dynamics>
      <upscale>1.000000000000000e2</upscale>
      <remove_rigid_rot>false</remove_rigid_rot>
      <refold_pos>false</refold_pos>
    </ion_control>
    <cell_control>
      <cell_dynamics>none</cell_dynamics>
      <pressure>0.000000000000000e0</pressure>
      <wmass>1.089340920000000e2</wmass>
      <cell_factor>0.000000000000000e0</cell_factor>
      <fix_volume>false</fix_volume>
      <fix_area>false</fix_area>
      <isotropic>false</isotropic>
    </cell_control>
    <symmetry_flags>
      <nosym>true</nosym>
      <nosym_evc>false</nosym_evc>
      <noinv>false</noinv>
      <no_t_rev>false</no_t_rev>
      <force_symmorphic>false</force_symmorphic>
      <use_all_frac>false</use_all_frac>
    </symmetry_flags>
    <boundary_conditions>
      <assume_isolated>esm</assume_isolated>
      <esm>
        <bc>bc3</bc>
        <nfit>4</nfit>
        <w>0.000000000000000e0</w>
        <efield>0.000000000000000e0</efield>
      </esm>
      <fcp>false</fcp>
      <fcp_mu>1.000000000000006e99</fcp_mu>
    </boundary_conditions>
  </input>
  <output>
    <convergence_info>
      <scf_conv>
        <convergence_achieved>true</convergence_achieved>
        <n_scf_steps>2</n_scf_steps>
        <scf_error>1.765721147850343e-7</scf_error>
      </scf_conv>
    </convergence_info>
    <algorithmic_info>
      <real_space_q>false</real_space_q>
      <real_space_beta>false</real_space_beta>
      <uspp>true</uspp>
      <paw>false</paw>
    </algorithmic_info>
    <atomic_species ntyp="2" pseudo_dir="/cluster-001-share/groups/otani-lab/Programs/q-e_g_esm/pseudo/">
      <species name="Al">
        <mass>2.698153800000000e1</mass>
        <pseudo_file>Al.pbe-n-van.UPF</pseudo_file>
      </species>
      <species name="H">
        <mass>1.007940000000000e0</mass>
        <pseudo_file>H.pbe-van_ak.UPF</pseudo_file>
      </species>
    </atomic_species>
    <atomic_structure nat="5" alat="1.082227686000e1">
      <atomic_positions>
        <atom name="Al" index="1">0.000000000000000e0 0.000000000000000e0 0.000000000000000e0</atom>
        <atom name="Al" index="2">5.411138430000000e0 0.000000000000000e0 0.000000000000000e0</atom>
        <atom name="Al" index="3">0.000000000000000e0 5.411138430000000e0 0.000000000000000e0</atom>
        <atom name="Al" index="4">5.411138430000000e0 5.411138430000000e0 0.000000000000000e0</atom>
        <atom name="H" index="5">4.012825686179569e0 4.012825686179569e0 2.469675527851272e0</atom>
      </atomic_positions>
      <cell>
        <a1>1.082227686000000e1 0.000000000000000e0 0.000000000000000e0</a1>
        <a2>0.000000000000000e0 1.082227686000000e1 0.000000000000000e0</a2>
        <a3>0.000000000000000e0 0.000000000000000e0 2.267672253000000e1</a3>
      </cell>
    </atomic_structure>
    <symmetries>
      <nsym>1</nsym>
      <nrot>16</nrot>
      <space_group>0</space_group>
      <symmetry>
        <info name="identity">crystal_symmetry</info>
        <rotation rank="2" dims="3 3" order="F">
          1.000000000000000e0 0.000000000000000e0 0.000000000000000e0
          0.000000000000000e0 1.000000000000000e0 0.000000000000000e0
          0.000000000000000e0 0.000000000000000e0 1.000000000000000e0
          </rotation>
        <fractional_translation>0.000000000000000e0 0.000000000000000e0 0.000000000000000e0</fractional_translation>
        <equivalent_atoms nat="5" size="5">
          1 2 3 4 5
          </equivalent_atoms>
      </symmetry>
      <symmetry>
        <info name="inv. 180 deg rotation - cart. axis [1,-1,0]">lattice_symmetry</info>
        <rotation rank="2" dims="3 3" order="F">
          0.000000000000000e0 1.000000000000000e0 0.000000000000000e0
          1.000000000000000e0 0.000000000000000e0 0.000000000000000e0
          0.000000000000000e0 0.000000000000000e0 1.000000000000000e0
          </rotation>
      </symmetry>
      <symmetry>
        <info name="180 deg rotation - cart. axis [0,1,0]">lattice_symmetry</info>
        <rotation rank="2" dims="3 3" order="F">
          -1.000000000000000e0 0.000000000000000e0 0.000000000000000e0
          0.000000000000000e0 1.000000000000000e0 0.000000000000000e0
          0.000000000000000e0 0.000000000000000e0 -1.000000000000000e0
          </rotation>
      </symmetry>
      <symmetry>
        <info name="180 deg rotation - cart. axis [1,0,0]">lattice_symmetry</info>
        <rotation rank="2" dims="3 3" order="F">
          1.000000000000000e0 0.000000000000000e0 0.000000000000000e0
          0.000000000000000e0 -1.000000000000000e0 0.000000000000000e0
          0.000000000000000e0 0.000000000000000e0 -1.000000000000000e0
          </rotation>
      </symmetry>
      <symmetry>
        <info name="180 deg rotation - cart. axis [1,1,0]">lattice_symmetry</info>
        <rotation rank="2" dims="3 3" order="F">
          0.000000000000000e0 1.000000000000000e0 0.000000000000000e0
          1.000000000000000e0 0.000000000000000e0 0.000000000000000e0
          0.000000000000000e0 0.000000000000000e0 -1.000000000000000e0
          </rotation>
      </symmetry>
      <symmetry>
        <info name="180 deg rotation - cart. axis [1,-1,0]">lattice_symmetry</info>
        <rotation rank="2" dims="3 3" order="F">
          0.000000000000000e0 -1.000000000000000e0 0.000000000000000e0
          -1.000000000000000e0 0.000000000000000e0 0.000000000000000e0
          0.000000000000000e0 0.000000000000000e0 -1.000000000000000e0
          </rotation>
      </symmetry>
      <symmetry>
        <info name=" 90 deg rotation - cart. axis [0,0,-1]">lattice_symmetry</info>
        <rotation rank="2" dims="3 3" order="F">
          0.000000000000000e0 1.000000000000000e0 0.000000000000000e0
          -1.000000000000000e0 0.000000000000000e0 0.000000000000000e0
          0.000000000000000e0 0.000000000000000e0 1.000000000000000e0
          </rotation>
      </symmetry>
      <symmetry>
        <info name=" 90 deg rotation - cart. axis [0,0,1]">lattice_symmetry</info>
        <rotation rank="2" dims="3 3" order="F">
          0.000000000000000e0 -1.000000000000000e0 0.000000000000000e0
          1.000000000000000e0 0.000000000000000e0 0.000000000000000e0
          0.000000000000000e0 0.000000000000000e0 1.000000000000000e0
          </rotation>
      </symmetry>
      <symmetry>
        <info name="inversion">lattice_symmetry</info>
        <rotation rank="2" dims="3 3" order="F">
          -1.000000000000000e0 0.000000000000000e0 0.000000000000000e0
          0.000000000000000e0 -1.000000000000000e0 0.000000000000000e0
          0.000000000000000e0 0.000000000000000e0 -1.000000000000000e0
          </rotation>
      </symmetry>
      <symmetry>
        <info name="inv. 180 deg rotation - cart. axis [0,0,1]">lattice_symmetry</info>
        <rotation rank="2" dims="3 3" order="F">
          1.000000000000000e0 0.000000000000000e0 0.000000000000000e0
          0.000000000000000e0 1.000000000000000e0 0.000000000000000e0
          0.000000000000000e0 0.000000000000000e0 -1.000000000000000e0
          </rotation>
      </symmetry>
      <symmetry>
        <info name="inv. 180 deg rotation - cart. axis [0,1,0]">lattice_symmetry</info>
        <rotation rank="2" dims="3 3" order="F">
          1.000000000000000e0 0.000000000000000e0 0.000000000000000e0
          0.000000000000000e0 -1.000000000000000e0 0.000000000000000e0
          0.000000000000000e0 0.000000000000000e0 1.000000000000000e0
          </rotation>
      </symmetry>
      <symmetry>
        <info name="inv. 180 deg rotation - cart. axis [1,0,0]">lattice_symmetry</info>
        <rotation rank="2" dims="3 3" order="F">
          -1.000000000000000e0 0.000000000000000e0 0.000000000000000e0
          0.000000000000000e0 1.000000000000000e0 0.000000000000000e0
          0.000000000000000e0 0.000000000000000e0 1.000000000000000e0
          </rotation>
      </symmetry>
      <symmetry>
        <info name="inv. 180 deg rotation - cart. axis [1,1,0]">lattice_symmetry</info>
        <rotation rank="2" dims="3 3" order="F">
          0.000000000000000e0 -1.000000000000000e0 0.000000000000000e0
          -1.000000000000000e0 0.000000000000000e0 0.000000000000000e0
          0.000000000000000e0 0.000000000000000e0 1.000000000000000e0
          </rotation>
      </symmetry>
      <symmetry>
        <info name="180 deg rotation - cart. axis [0,0,1]">lattice_symmetry</info>
        <rotation rank="2" dims="3 3" order="F">
          -1.000000000000000e0 0.000000000000000e0 0.000000000000000e0
          0.000000000000000e0 -1.000000000000000e0 0.000000000000000e0
          0.000000000000000e0 0.000000000000000e0 1.000000000000000e0
          </rotation>
      </symmetry>
      <symmetry>
        <info name="inv.  90 deg rotation - cart. axis [0,0,-1]">lattice_symmetry</info>
        <rotation rank="2" dims="3 3" order="F">
          0.000000000000000e0 -1.000000000000000e0 0.000000000000000e0
          1.000000000000000e0 0.000000000000000e0 0.000000000000000e0
          0.000000000000000e0 0.000000000000000e0 -1.000000000000000e0
          </rotation>
      </symmetry>
      <symmetry>
        <info name="inv.  90 deg rotation - cart. axis [0,0,1]">lattice_symmetry</info>
        <rotation rank="2" dims="3 3" order="F">
          0.000000000000000e0 1.000000000000000e0 0.000000000000000e0
          -1.000000000000000e0 0.000000000000000e0 0.000000000000000e0
          0.000000000000000e0 0.000000000000000e0 -1.000000000000000e0
          </rotation>
      </symmetry>
    </symmetries>
    <basis_set>
      <gamma_only>false</gamma_only>
      <ecutwfc>1.000000000000000e1</ecutwfc>
      <ecutrho>4.000000000000000e1</ecutrho>
      <fft_grid nr1="32" nr2="32" nr3="72"></fft_grid>
      <fft_smooth nr1="32" nr2="32" nr3="72"></fft_smooth>
      <fft_box nr1="32" nr2="32" nr3="72"></fft_box>
      <ngm>32157</ngm>
      <ngms>32157</ngms>
      <npwx>4019</npwx>
      <reciprocal_lattice>
        <b1>1.000000000000000e0 0.000000000000000e0 0.000000000000000e0</b1>
        <b2>0.000000000000000e0 1.000000000000000e0 0.000000000000000e0</b2>
        <b3>0.000000000000000e0 0.000000000000000e0 4.772416668979721e-1</b3>
      </reciprocal_lattice>
    </basis_set>
    <dft>
      <functional>PBE</functional>
    </dft>
    <boundary_conditions>
      <assume_isolated>esm</assume_isolated>
    </boundary_conditions>
    <magnetization>
      <lsda>false</lsda>
      <noncolin>false</noncolin>
      <spinorbit>false</spinorbit>
      <total>0.000000000000000e0</total>
      <absolute>0.000000000000000e0</absolute>
    </magnetization>
    <total_energy>
      <etot>-2.533063952251029e1</etot>
      <eband>-3.876130584213243e0</eband>
      <ehart>9.208703307247033e1</ehart>
      <vtxc>-4.290193006837294e0</vtxc>
      <etxc>-1.997894539392031e1</etxc>
      <ewald>8.632050328347502e1</ewald>
      <demet>-4.189143292283641e-4</demet>
    </total_energy>
    <band_structure>
      <lsda>false</lsda>
      <noncolin>false</noncolin>
      <spinorbit>false</spinorbit>
      <nbnd>10</nbnd>
      <nelec>1.297850000000000e1</nelec>
      <num_of_atomic_wfc>17</num_of_atomic_wfc>
      <wf_collected>true</wf_collected>
      <fermi_energy>-1.749426079777657e-1</fermi_energy>
      <starting_k_points>
        <monkhorst_pack nk1="6" nk2="6" nk3="1" k1="1" k2="1" k3="0">Uniform grid with offset</monkhorst_pack>
      </starting_k_points>
      <nks>18</nks>
      <occupations_kind>smearing</occupations_kind>
      <smearing degauss="1.000000000000e-2">mv</smearing>
      <ks_energies>
        <k_point weight="1.111111111111e-1">8.333333333333332e-2 8.333333333333332e-2 0.000000000000000e0</k_point>
        <npw>3999</npw>
        <eigenvalues size="10">
          -4.496585322910916e-1 -3.418944500239476e-1 -3.069004108550339e-1 -2.710661070174526e-1 -2.432023048156651e-1
          -2.289063755695576e-1 -1.874376080876412e-1 -1.465886561733342e-1 -1.437951512745638e-1 -9.690828431748079e-2
          </eigenvalues>
        <occupations size="10">
          1.000000000000000e0 1.000000000000000e0 1.000000000000000e0 1.000000000000000e0 1.000000000000000e0
          1.000000000095886e0 1.075742731053416e0 1.687529395610898e-6 2.132881254945928e-7 0.000000000000000e0
          </occupations>
      </ks_energies>
      <ks_energies>
        <k_point weight="1.111111111111e-1">8.333333333333332e-2 2.500000000000000e-1 0.000000000000000e0</k_point>
        <npw>4011</npw>
        <eigenvalues size="10">
          -4.413748388823847e-1 -3.640121297358644e-1 -3.133423133000606e-1 -2.665854085035532e-1 -2.294761459090433e-1
          -2.142454939336176e-1 -1.896753628114460e-1 -1.699191916263251e-1 -1.492418231201121e-1 -1.060728661865703e-1
          </eigenvalues>
        <occupations size="10">
          1.000000000000000e0 1.000000000000000e0 1.000000000000000e0 1.000000000000000e0 1.000000000056123e0
          1.000009697438675e0 1.082518338407403e0 1.359872749245041e-1 1.042975150783443e-5 0.000000000000000e0
          </occupations>
      </ks_energies>
      <ks_energies>
        <k_point weight="1.111111111111e-1">8.333333333333332e-2 4.166666666666666e-1 0.000000000000000e0</k_point>
        <npw>4016</npw>
        <eigenvalues size="10">
          -4.266524328940033e-1 -3.921630814963462e-1 -3.056494437932293e-1 -2.669606112394730e-1 -2.363536212378992e-1
          -2.105034048612639e-1 -1.930122980341986e-1 -1.738465349529179e-1 -1.259195421525294e-1 -9.657481290120529e-2
          </eigenvalues>
        <occupations size="10">
          1.000000000000000e0 1.000000000000000e0 1.000000000000000e0 1.000000000000000e0 1.000000000000052e0
          1.000091094840791e0 1.059078916390642e0 3.287945979190196e-1 9.714451465470120e-15 0.000000000000000e0
          </occupations>
      </ks_energies>
      <ks_energies>
        <k_point weight="1.111111111111e-1">8.333333333333332e-2 -4.166666666666666e-1 0.000000000000000e0</k_point>
        <npw>4016</npw>
        <eigenvalues size="10">
          -4.266175906491597e-1 -3.922577645818283e-1 -3.056684283146552e-1 -2.660852592524158e-1 -2.368829379427738e-1
          -2.117976818144248e-1 -1.924972922443750e-1 -1.736559513701002e-1 -1.252477206500105e-1 -9.683755818412124e-2
          </eigenvalues>
        <occupations size="10">
          1.000000000000000e0 1.000000000000000e0 1.000000000000000e0 1.000000000000000e0 1.000000000000029e0
          1.000043368932961e0 1.063831558133195e0 3.170138127381907e-1 4.496403249731883e-15 0.000000000000000e0
          </occupations>
      </ks_energies>
      <ks_energies>
        <k_point weight="1.111111111111e-1">8.333333333333332e-2 -2.500000000000000e-1 0.000000000000000e0</k_point>
        <npw>4011</npw>
        <eigenvalues size="10">
          -4.413511939046391e-1 -3.642784857554460e-1 -3.129737176260919e-1 -2.660311751650076e-1 -2.291361331276077e-1
          -2.151413358911310e-1 -1.899080598575355e-1 -1.732145426355084e-1 -1.465712303180040e-1 -1.043574213212275e-1
          </eigenvalues>
        <occupations size="10">
          1.000000000000000e0 1.000000000000000e0 1.000000000000000e0 1.000000000000000e0 1.000000000077321e0
          1.000005435579965e0 1.081802253575025e0 2.906114718146604e-1 1.666694427304716e-6 0.000000000000000e0
          </occupations>
      </ks_energies>
      <ks_energies>
        <k_point weight="1.111111111111e-1">8.333333333333332e-2 -8.333333333333325e-2 0.000000000000000e0</k_point>
        <npw>3999</npw>
        <eigenvalues size="10">
          -4.496539733392458e-1 -3.422072525365063e-1 -3.061743928237908e-1 -2.717057519383185e-1 -2.424838280618907e-1
          -2.291382713322337e-1 -1.852018945607641e-1 -1.623627933780229e-1 -1.272036541199905e-1 -9.962763513356615e-2
          </eigenvalues>
        <occupations size="10">
          1.000000000000000e0 1.000000000000000e0 1.000000000000000e0 1.000000000000000e0 1.000000000000000e0
          1.000000000077166e0 1.034346502933735e0 1.111758470047236e-2 4.035660694512444e-14 0.000000000000000e0
          </occupations>
      </ks_energies>
      <ks_energies>
        <k_point weight="1.111111111111e-1">2.500000000000000e-1 8.333333333333332e-2 0.000000000000000e0</k_point>
        <npw>4011</npw>
        <eigenvalues size="10">
          -4.413748453278046e-1 -3.640120828204092e-1 -3.133423810249933e-1 -2.665854266663290e-1 -2.294760849074367e-1
          -2.142454985321724e-1 -1.896753659195516e-1 -1.699192024953164e-1 -1.492417989621517e-1 -1.060730944938273e-1
          </eigenvalues>
        <occupations size="10">
          1.000000000000000e0 1.000000000000000e0 1.000000000000000e0 1.000000000000000e0 1.000000000056126e0
          1.000009697410267e0 1.082518330263975e0 1.359876598530419e-1 1.042958514735348e-5 0.000000000000000e0
          </occupations>
      </ks_energies>
      <ks_energies>
        <k_point weight="1.111111111111e-1">2.500000000000000e-1 2.500000000000000e-1 0.000000000000000e0</k_point>
        <npw>4007</npw>
        <eigenvalues size="10">
          -4.332841394482423e-1 -3.636144711920738e-1 -3.392601555997212e-1 -2.794821269381089e-1 -2.349383177006460e-1
          -1.852070985475391e-1 -1.776250569084207e-1 -1.519499848163802e-1 -1.301090227998792e-1 -1.227290166234375e-1
          </eigenvalues>
        <occupations size="10">
          1.000000000000000e0 1.000000000000000e0 1.000000000000000e0 1.000000000000000e0 1.000000000000237e0
          1.034492021579928e0 5.964691919870705e-1 5.799569104225633e-5 9.019451852054772e-13 2.220446049250313e-16
          </occupations>
      </ks_energies>
      <ks_energies>
        <k_point weight="1.111111111111e-1">2.500000000000000e-1 4.166666666666666e-1 0.000000000000000e0</k_point>
        <npw>4019</npw>
        <eigenvalues size="10">
          -4.192073655102689e-1 -3.837590328531460e-1 -3.343225027385006e-1 -3.036323247547588e-1 -2.350490707824251e-1
          -1.713231065686043e-1 -1.598491582356313e-1 -1.419067917757577e-1 -1.259861268486524e-1 -1.091017045369337e-1
          </eigenvalues>
        <occupations size="10">
          1.000000000000000e0 1.000000000000000e0 1.000000000000000e0 1.000000000000000e0 1.000000000000211e0
          1.925049155922436e-1 3.794019130510362e-3 4.826926425227640e-8 1.038058528024521e-14 0.000000000000000e0
          </occupations>
      </ks_energies>
      <ks_energies>
        <k_point weight="1.111111111111e-1">2.500000000000000e-1 -4.166666666666666e-1 0.000000000000000e0</k_point>
        <npw>4019</npw>
        <eigenvalues size="10">
          -4.190964276010392e-1 -3.841230412669967e-1 -3.340805329985370e-1 -3.032150952649402e-1 -2.356097930835599e-1
          -1.711378446956030e-1 -1.606342711061028e-1 -1.434827481484783e-1 -1.227140357088601e-1 -1.096914147626498e-1
          </eigenvalues>
        <occupations size="10">
          1.000000000000000e0 1.000000000000000e0 1.000000000000000e0 1.000000000000000e0 1.000000000000116e0
          1.842543586678374e-1 5.378294137842410e-3 1.676226201174913e-7 2.220446049250313e-16 0.000000000000000e0
          </occupations>
      </ks_energies>
      <ks_energies>
        <k_point weight="1.111111111111e-1">2.500000000000000e-1 -2.500000000000000e-1 0.000000000000000e0</k_point>
        <npw>4007</npw>
        <eigenvalues size="10">
          -4.332027442277956e-1 -3.645955510108657e-1 -3.382663494052736e-1 -2.782432782745753e-1 -2.365020195827298e-1
          -1.854376213676263e-1 -1.766016661311789e-1 -1.574656996879008e-1 -1.270395336631972e-1 -1.222877123557315e-1
          </eigenvalues>
        <occupations size="10">
          1.000000000000000e0 1.000000000000000e0 1.000000000000000e0 1.000000000000000e0 1.000000000000044e0
          1.040694881173775e0 5.196744992651801e-1 1.222144911188383e-3 3.369526879737350e-14 1.110223024625157e-16
          </occupations>
      </ks_energies>
      <ks_energies>
        <k_point weight="1.111111111111e-1">2.500000000000000e-1 -8.333333333333325e-2 0.000000000000000e0</k_point>
        <npw>4011</npw>
        <eigenvalues size="10">
          -4.413511999707862e-1 -3.642784388127361e-1 -3.129737856482327e-1 -2.660311796062738e-1 -2.291360898416581e-1
          -2.151413153548136e-1 -1.899080765518848e-1 -1.732145654418289e-1 -1.465711917868547e-1 -1.043575298392021e-1
          </eigenvalues>
        <occupations size="10">
          1.000000000000000e0 1.000000000000000e0 1.000000000000000e0 1.000000000000000e0 1.000000000077324e0
          1.000005435653122e0 1.081802194768961e0 2.906128032708425e-1 1.666648633213974e-6 0.000000000000000e0
          </occupations>
      </ks_energies>
      <ks_energies>
        <k_point weight="1.111111111111e-1">4.166666666666666e-1 8.333333333333332e-2 0.000000000000000e0</k_point>
        <npw>4016</npw>
        <eigenvalues size="10">
          -4.266524672309318e-1 -3.921630012589262e-1 -3.056495665626719e-1 -2.669605248447133e-1 -2.363537011752839e-1
          -2.105033444956490e-1 -1.930123047162449e-1 -1.738464542023871e-1 -1.259195481835312e-1 -9.657487542029122e-2
          </eigenvalues>
        <occupations size="10">
          1.000000000000000e0 1.000000000000000e0 1.000000000000000e0 1.000000000000000e0 1.000000000000052e0
          1.000091097920531e0 1.059078853929904e0 3.287895590424314e-1 9.714451465470120e-15 0.000000000000000e0
          </occupations>
      </ks_energies>
      <ks_energies>
        <k_point weight="1.111111111111e-1">4.166666666666666e-1 2.500000000000000e-1 0.000000000000000e0</k_point>
        <npw>4019</npw>
        <eigenvalues size="10">
          -4.192073907434759e-1 -3.837589491484599e-1 -3.343226164305352e-1 -3.036322610387959e-1 -2.350490661999121e-1
          -1.713230520343428e-1 -1.598491374540812e-1 -1.419067786401433e-1 -1.259861866644402e-1 -1.091017845133032e-1
          </eigenvalues>
        <occupations size="10">
          1.000000000000000e0 1.000000000000000e0 1.000000000000000e0 1.000000000000000e0 1.000000000000211e0
          1.925024510119486e-1 3.793983486421349e-3 4.826875343866277e-8 1.038058528024521e-14 0.000000000000000e0
          </occupations>
      </ks_energies>
      <ks_energies>
        <k_point weight="1.111111111111e-1">4.166666666666666e-1 4.166666666666666e-1 0.000000000000000e0</k_point>
        <npw>4005</npw>
        <eigenvalues size="10">
          -4.073291710508270e-1 -3.713139631684814e-1 -3.566202093236934e-1 -3.356779190682497e-1 -2.312879640119118e-1
          -1.559117956995119e-1 -1.387081677970161e-1 -1.210477655873917e-1 -1.022160739312667e-1 -9.713114168378317e-2
          </eigenvalues>
        <occupations size="10">
          1.000000000000000e0 1.000000000000000e0 1.000000000000000e0 1.000000000000000e0 1.000000000009785e0
          5.500849882708048e-4 3.314877428106655e-9 5.551115123125783e-17 0.000000000000000e0 0.000000000000000e0
          </occupations>
      </ks_energies>
      <ks_energies>
        <k_point weight="1.111111111111e-1">4.166666666666666e-1 -4.166666666666666e-1 0.000000000000000e0</k_point>
        <npw>4005</npw>
        <eigenvalues size="10">
          -4.071932879433129e-1 -3.722786459990741e-1 -3.556043784411709e-1 -3.357523491206262e-1 -2.314816088141938e-1
          -1.563088372086523e-1 -1.378870883361552e-1 -1.212971344983231e-1 -1.030379181455643e-1 -9.752452530114098e-2
          </eigenvalues>
        <occupations size="10">
          1.000000000000000e0 1.000000000000000e0 1.000000000000000e0 1.000000000000000e0 1.000000000008087e0
          6.775894239578473e-4 1.612994848798621e-9 5.551115123125783e-17 0.000000000000000e0 0.000000000000000e0
          </occupations>
      </ks_energies>
      <ks_energies>
        <k_point weight="1.111111111111e-1">4.166666666666666e-1 -2.500000000000000e-1 0.000000000000000e0</k_point>
        <npw>4019</npw>
        <eigenvalues size="10">
          -4.190964568638341e-1 -3.841229590861523e-1 -3.340806475304020e-1 -3.032150282074642e-1 -2.356098600904458e-1
          -1.711378202947224e-1 -1.606342470644677e-1 -1.434827197056711e-1 -1.227141580491783e-1 -1.096914249645494e-1
          </eigenvalues>
        <occupations size="10">
          1.000000000000000e0 1.000000000000000e0 1.000000000000000e0 1.000000000000000e0 1.000000000000116e0
          1.842532880498648e-1 5.378237654178164e-3 1.676189285149121e-7 2.220446049250313e-16 0.000000000000000e0
          </occupations>
      </ks_energies>
      <ks_energies>
        <k_point weight="1.111111111111e-1">4.166666666666666e-1 -8.333333333333325e-2 0.000000000000000e0</k_point>
        <npw>4016</npw>
        <eigenvalues size="10">
          -4.266176268813361e-1 -3.922576842396444e-1 -3.056685496883934e-1 -2.660851673843027e-1 -2.368830408477757e-1
          -2.117976199016377e-1 -1.924972973908276e-1 -1.736558949610726e-1 -1.252477411212948e-1 -9.683769711919101e-2
          </eigenvalues>
        <occupations size="10">
          1.000000000000000e0 1.000000000000000e0 1.000000000000000e0 1.000000000000000e0 1.000000000000029e0
          1.000043370508508e0 1.063831511444648e0 3.170103592506606e-1 4.496403249731883e-15 0.000000000000000e0
          </occupations>
      </ks_energies>
    </band_structure>
    <forces rank="2" dims="3 5" order="F">
      0.000000000000000e0 0.000000000000000e0 0.000000000000000e0
      0.000000000000000e0 0.000000000000000e0 0.000000000000000e0
      0.000000000000000e0 0.000000000000000e0 0.000000000000000e0
      0.000000000000000e0 0.000000000000000e0 0.000000000000000e0
      0.000000000000000e0 0.000000000000000e0 1.217822543519520e-3
      </forces>
  </output>
  <status>0</status>
  <timing_info>
    <total label="PWSCF">
      <cpu>1.994663530000000e2</cpu>
      <wall>3.233903429508210e2</wall>
    </total>
    <partial label="electrons" calls="29">
      <cpu>1.548075540000000e2</cpu>
      <wall>1.950244860649109e2</wall>
    </partial>
  </timing_info>
  <closed DATE="30 Dec 2020" TIME=" 7:43:56"></closed>
</qes:espresso>
