<?xml version="1.0" encoding="UTF-8"?>
<qes:espresso xsi:schemaLocation="http://www.quantum-espresso.org/ns/qes/qes-1.0 http://www.quantum-espresso.org/ns/qes/qes_030920.xsd" Units="Hartree atomic units" xmlns:xsi="http://www.w3.org/2001/XMLSchema-instance" xmlns:qes="http://www.quantum-espresso.org/ns/qes/qes-1.0">
  <!--All quantities are in Hartree atomic units unless otherwise specified-->
  <general_info>
    <xml_format NAME="QEXSD" VERSION="20.04.20">QEXSD_20.04.20</xml_format>
    <creator NAME="PWSCF" VERSION="6.7MaX">XML file generated by PWSCF</creator>
    <created DATE="30Dec2020" TIME=" 7:50:52">This run was terminated on:   7:50:52  30 Dec 2020</created>
    <job></job>
  </general_info>
  <parallel_info>
    <nprocs>12</nprocs>
    <nthreads>1</nthreads>
    <ntasks>1</ntasks>
    <nbgrp>1</nbgrp>
    <npool>1</npool>
    <ndiag>4</ndiag>
  </parallel_info>
  <input>
    <control_variables>
      <title></title>
      <calculation>scf</calculation>
      <restart_mode>from_scratch</restart_mode>
      <prefix>Al001+H_GCSCF_vm05</prefix>
      <pseudo_dir>/cluster-001-share/groups/otani-lab/Programs/q-e_g_esm/pseudo/</pseudo_dir>
      <outdir>/cluster-001-share/groups/otani-lab/Programs/q-e_g_esm/tempdir/</outdir>
      <stress>false</stress>
      <forces>false</forces>
      <wf_collect>true</wf_collect>
      <disk_io>low</disk_io>
      <max_seconds>10000000</max_seconds>
      <nstep>1</nstep>
      <etot_conv_thr>5.000000000000000e-5</etot_conv_thr>
      <forc_conv_thr>5.000000000000000e-4</forc_conv_thr>
      <press_conv_thr>5.000000000000000e-1</press_conv_thr>
      <verbosity>low</verbosity>
      <print_every>100000</print_every>
    </control_variables>
    <atomic_species ntyp="2">
      <species name="Al">
        <mass>2.698153800000000e1</mass>
        <pseudo_file>Al.pbe-n-van.UPF</pseudo_file>
      </species>
      <species name="H">
        <mass>1.007940000000000e0</mass>
        <pseudo_file>H.pbe-van_ak.UPF</pseudo_file>
      </species>
    </atomic_species>
    <atomic_structure nat="5" alat="1.082227686000e1">
      <atomic_positions>
        <atom name="Al" index="1">0.000000000000000e0 0.000000000000000e0 0.000000000000000e0</atom>
        <atom name="Al" index="2">5.411138430000000e0 0.000000000000000e0 0.000000000000000e0</atom>
        <atom name="Al" index="3">0.000000000000000e0 5.411138430000000e0 0.000000000000000e0</atom>
        <atom name="Al" index="4">5.411138430000000e0 5.411138430000000e0 0.000000000000000e0</atom>
        <atom name="H" index="5">5.411138430000000e0 5.411138430000000e0 3.110553670000000e0</atom>
      </atomic_positions>
      <cell>
        <a1>1.082227686000000e1 0.000000000000000e0 0.000000000000000e0</a1>
        <a2>0.000000000000000e0 1.082227686000000e1 0.000000000000000e0</a2>
        <a3>0.000000000000000e0 0.000000000000000e0 2.267672253000000e1</a3>
      </cell>
    </atomic_structure>
    <dft>
      <functional>PBE</functional>
    </dft>
    <spin>
      <lsda>false</lsda>
      <noncolin>false</noncolin>
      <spinorbit>false</spinorbit>
    </spin>
    <bands>
      <smearing degauss="1.000000000000e-2">mv</smearing>
      <tot_charge>0.000000000000000e0</tot_charge>
      <occupations>smearing</occupations>
    </bands>
    <basis>
      <gamma_only>false</gamma_only>
      <ecutwfc>1.000000000000000e1</ecutwfc>
      <ecutrho>4.000000000000000e1</ecutrho>
    </basis>
    <electron_control>
      <diagonalization>davidson</diagonalization>
      <mixing_mode>plain</mixing_mode>
      <mixing_beta>1.000000000000000e-1</mixing_beta>
      <conv_thr>5.000000000000000e-7</conv_thr>
      <mixing_ndim>8</mixing_ndim>
      <max_nstep>100</max_nstep>
      <real_space_q>false</real_space_q>
      <real_space_beta>false</real_space_beta>
      <tq_smoothing>false</tq_smoothing>
      <tbeta_smoothing>false</tbeta_smoothing>
      <diago_thr_init>0.000000000000000e0</diago_thr_init>
      <diago_full_acc>false</diago_full_acc>
      <diago_cg_maxiter>20</diago_cg_maxiter>
      <diago_ppcg_maxiter>20</diago_ppcg_maxiter>
    </electron_control>
    <k_points_IBZ>
      <monkhorst_pack nk1="6" nk2="6" nk3="1" k1="1" k2="1" k3="0">Uniform grid with offset</monkhorst_pack>
    </k_points_IBZ>
    <ion_control>
      <ion_dynamics>none</ion_dynamics>
      <upscale>1.000000000000000e2</upscale>
      <remove_rigid_rot>false</remove_rigid_rot>
      <refold_pos>false</refold_pos>
    </ion_control>
    <cell_control>
      <cell_dynamics>none</cell_dynamics>
      <pressure>0.000000000000000e0</pressure>
      <wmass>1.089340920000000e2</wmass>
      <cell_factor>0.000000000000000e0</cell_factor>
      <fix_volume>false</fix_volume>
      <fix_area>false</fix_area>
      <isotropic>false</isotropic>
    </cell_control>
    <symmetry_flags>
      <nosym>true</nosym>
      <nosym_evc>false</nosym_evc>
      <noinv>false</noinv>
      <no_t_rev>false</no_t_rev>
      <force_symmorphic>false</force_symmorphic>
      <use_all_frac>false</use_all_frac>
    </symmetry_flags>
    <boundary_conditions>
      <assume_isolated>esm</assume_isolated>
      <esm>
        <bc>bc3</bc>
        <nfit>4</nfit>
        <w>0.000000000000000e0</w>
        <efield>0.000000000000000e0</efield>
      </esm>
      <fcp>false</fcp>
      <fcp_mu>1.000000000000006e99</fcp_mu>
    </boundary_conditions>
  </input>
  <output>
    <convergence_info>
      <scf_conv>
        <convergence_achieved>true</convergence_achieved>
        <n_scf_steps>32</n_scf_steps>
        <scf_error>2.963790045755225e-8</scf_error>
      </scf_conv>
    </convergence_info>
    <algorithmic_info>
      <real_space_q>false</real_space_q>
      <real_space_beta>false</real_space_beta>
      <uspp>true</uspp>
      <paw>false</paw>
    </algorithmic_info>
    <atomic_species ntyp="2" pseudo_dir="/cluster-001-share/groups/otani-lab/Programs/q-e_g_esm/pseudo/">
      <species name="Al">
        <mass>2.698153800000000e1</mass>
        <pseudo_file>Al.pbe-n-van.UPF</pseudo_file>
      </species>
      <species name="H">
        <mass>1.007940000000000e0</mass>
        <pseudo_file>H.pbe-van_ak.UPF</pseudo_file>
      </species>
    </atomic_species>
    <atomic_structure nat="5" alat="1.082227686000e1">
      <atomic_positions>
        <atom name="Al" index="1">0.000000000000000e0 0.000000000000000e0 0.000000000000000e0</atom>
        <atom name="Al" index="2">5.411138430000000e0 0.000000000000000e0 0.000000000000000e0</atom>
        <atom name="Al" index="3">0.000000000000000e0 5.411138430000000e0 0.000000000000000e0</atom>
        <atom name="Al" index="4">5.411138430000000e0 5.411138430000000e0 0.000000000000000e0</atom>
        <atom name="H" index="5">5.411138430000000e0 5.411138430000000e0 3.110553670000000e0</atom>
      </atomic_positions>
      <cell>
        <a1>1.082227686000000e1 0.000000000000000e0 0.000000000000000e0</a1>
        <a2>0.000000000000000e0 1.082227686000000e1 0.000000000000000e0</a2>
        <a3>0.000000000000000e0 0.000000000000000e0 2.267672253000000e1</a3>
      </cell>
    </atomic_structure>
    <symmetries>
      <nsym>1</nsym>
      <nrot>16</nrot>
      <space_group>0</space_group>
      <symmetry>
        <info name="identity">crystal_symmetry</info>
        <rotation rank="2" dims="3 3" order="F">
          1.000000000000000e0 0.000000000000000e0 0.000000000000000e0
          0.000000000000000e0 1.000000000000000e0 0.000000000000000e0
          0.000000000000000e0 0.000000000000000e0 1.000000000000000e0
          </rotation>
        <fractional_translation>0.000000000000000e0 0.000000000000000e0 0.000000000000000e0</fractional_translation>
        <equivalent_atoms nat="5" size="5">
          1 2 3 4 5
          </equivalent_atoms>
      </symmetry>
      <symmetry>
        <info name="180 deg rotation - cart. axis [0,0,1]">lattice_symmetry</info>
        <rotation rank="2" dims="3 3" order="F">
          -1.000000000000000e0 0.000000000000000e0 0.000000000000000e0
          0.000000000000000e0 -1.000000000000000e0 0.000000000000000e0
          0.000000000000000e0 0.000000000000000e0 1.000000000000000e0
          </rotation>
      </symmetry>
      <symmetry>
        <info name=" 90 deg rotation - cart. axis [0,0,-1]">lattice_symmetry</info>
        <rotation rank="2" dims="3 3" order="F">
          0.000000000000000e0 1.000000000000000e0 0.000000000000000e0
          -1.000000000000000e0 0.000000000000000e0 0.000000000000000e0
          0.000000000000000e0 0.000000000000000e0 1.000000000000000e0
          </rotation>
      </symmetry>
      <symmetry>
        <info name=" 90 deg rotation - cart. axis [0,0,1]">lattice_symmetry</info>
        <rotation rank="2" dims="3 3" order="F">
          0.000000000000000e0 -1.000000000000000e0 0.000000000000000e0
          1.000000000000000e0 0.000000000000000e0 0.000000000000000e0
          0.000000000000000e0 0.000000000000000e0 1.000000000000000e0
          </rotation>
      </symmetry>
      <symmetry>
        <info name="inv. 180 deg rotation - cart. axis [0,1,0]">lattice_symmetry</info>
        <rotation rank="2" dims="3 3" order="F">
          1.000000000000000e0 0.000000000000000e0 0.000000000000000e0
          0.000000000000000e0 -1.000000000000000e0 0.000000000000000e0
          0.000000000000000e0 0.000000000000000e0 1.000000000000000e0
          </rotation>
      </symmetry>
      <symmetry>
        <info name="inv. 180 deg rotation - cart. axis [1,0,0]">lattice_symmetry</info>
        <rotation rank="2" dims="3 3" order="F">
          -1.000000000000000e0 0.000000000000000e0 0.000000000000000e0
          0.000000000000000e0 1.000000000000000e0 0.000000000000000e0
          0.000000000000000e0 0.000000000000000e0 1.000000000000000e0
          </rotation>
      </symmetry>
      <symmetry>
        <info name="inv. 180 deg rotation - cart. axis [1,1,0]">lattice_symmetry</info>
        <rotation rank="2" dims="3 3" order="F">
          0.000000000000000e0 -1.000000000000000e0 0.000000000000000e0
          -1.000000000000000e0 0.000000000000000e0 0.000000000000000e0
          0.000000000000000e0 0.000000000000000e0 1.000000000000000e0
          </rotation>
      </symmetry>
      <symmetry>
        <info name="inv. 180 deg rotation - cart. axis [1,-1,0]">lattice_symmetry</info>
        <rotation rank="2" dims="3 3" order="F">
          0.000000000000000e0 1.000000000000000e0 0.000000000000000e0
          1.000000000000000e0 0.000000000000000e0 0.000000000000000e0
          0.000000000000000e0 0.000000000000000e0 1.000000000000000e0
          </rotation>
      </symmetry>
      <symmetry>
        <info name="inversion">lattice_symmetry</info>
        <rotation rank="2" dims="3 3" order="F">
          -1.000000000000000e0 0.000000000000000e0 0.000000000000000e0
          0.000000000000000e0 -1.000000000000000e0 0.000000000000000e0
          0.000000000000000e0 0.000000000000000e0 -1.000000000000000e0
          </rotation>
      </symmetry>
      <symmetry>
        <info name="inv. 180 deg rotation - cart. axis [0,0,1]">lattice_symmetry</info>
        <rotation rank="2" dims="3 3" order="F">
          1.000000000000000e0 0.000000000000000e0 0.000000000000000e0
          0.000000000000000e0 1.000000000000000e0 0.000000000000000e0
          0.000000000000000e0 0.000000000000000e0 -1.000000000000000e0
          </rotation>
      </symmetry>
      <symmetry>
        <info name="180 deg rotation - cart. axis [1,1,0]">lattice_symmetry</info>
        <rotation rank="2" dims="3 3" order="F">
          0.000000000000000e0 1.000000000000000e0 0.000000000000000e0
          1.000000000000000e0 0.000000000000000e0 0.000000000000000e0
          0.000000000000000e0 0.000000000000000e0 -1.000000000000000e0
          </rotation>
      </symmetry>
      <symmetry>
        <info name="180 deg rotation - cart. axis [1,-1,0]">lattice_symmetry</info>
        <rotation rank="2" dims="3 3" order="F">
          0.000000000000000e0 -1.000000000000000e0 0.000000000000000e0
          -1.000000000000000e0 0.000000000000000e0 0.000000000000000e0
          0.000000000000000e0 0.000000000000000e0 -1.000000000000000e0
          </rotation>
      </symmetry>
      <symmetry>
        <info name="180 deg rotation - cart. axis [0,1,0]">lattice_symmetry</info>
        <rotation rank="2" dims="3 3" order="F">
          -1.000000000000000e0 0.000000000000000e0 0.000000000000000e0
          0.000000000000000e0 1.000000000000000e0 0.000000000000000e0
          0.000000000000000e0 0.000000000000000e0 -1.000000000000000e0
          </rotation>
      </symmetry>
      <symmetry>
        <info name="180 deg rotation - cart. axis [1,0,0]">lattice_symmetry</info>
        <rotation rank="2" dims="3 3" order="F">
          1.000000000000000e0 0.000000000000000e0 0.000000000000000e0
          0.000000000000000e0 -1.000000000000000e0 0.000000000000000e0
          0.000000000000000e0 0.000000000000000e0 -1.000000000000000e0
          </rotation>
      </symmetry>
      <symmetry>
        <info name="inv.  90 deg rotation - cart. axis [0,0,-1]">lattice_symmetry</info>
        <rotation rank="2" dims="3 3" order="F">
          0.000000000000000e0 -1.000000000000000e0 0.000000000000000e0
          1.000000000000000e0 0.000000000000000e0 0.000000000000000e0
          0.000000000000000e0 0.000000000000000e0 -1.000000000000000e0
          </rotation>
      </symmetry>
      <symmetry>
        <info name="inv.  90 deg rotation - cart. axis [0,0,1]">lattice_symmetry</info>
        <rotation rank="2" dims="3 3" order="F">
          0.000000000000000e0 1.000000000000000e0 0.000000000000000e0
          -1.000000000000000e0 0.000000000000000e0 0.000000000000000e0
          0.000000000000000e0 0.000000000000000e0 -1.000000000000000e0
          </rotation>
      </symmetry>
    </symmetries>
    <basis_set>
      <gamma_only>false</gamma_only>
      <ecutwfc>1.000000000000000e1</ecutwfc>
      <ecutrho>4.000000000000000e1</ecutrho>
      <fft_grid nr1="32" nr2="32" nr3="72"></fft_grid>
      <fft_smooth nr1="32" nr2="32" nr3="72"></fft_smooth>
      <fft_box nr1="32" nr2="32" nr3="72"></fft_box>
      <ngm>32157</ngm>
      <ngms>32157</ngms>
      <npwx>4019</npwx>
      <reciprocal_lattice>
        <b1>1.000000000000000e0 0.000000000000000e0 0.000000000000000e0</b1>
        <b2>0.000000000000000e0 1.000000000000000e0 0.000000000000000e0</b2>
        <b3>0.000000000000000e0 0.000000000000000e0 4.772416668979721e-1</b3>
      </reciprocal_lattice>
    </basis_set>
    <dft>
      <functional>PBE</functional>
    </dft>
    <boundary_conditions>
      <assume_isolated>esm</assume_isolated>
    </boundary_conditions>
    <magnetization>
      <lsda>false</lsda>
      <noncolin>false</noncolin>
      <spinorbit>false</spinorbit>
      <total>0.000000000000000e0</total>
      <absolute>0.000000000000000e0</absolute>
    </magnetization>
    <total_energy>
      <etot>-2.533197975861298e1</etot>
      <eband>-3.951589840333371e0</eband>
      <ehart>9.121643009129928e1</ehart>
      <vtxc>-4.286265467958929e0</vtxc>
      <etxc>-1.997686003802637e1</etxc>
      <ewald>8.554154971688934e1</ewald>
      <demet>-5.031564383803047e-4</demet>
    </total_energy>
    <band_structure>
      <lsda>false</lsda>
      <noncolin>false</noncolin>
      <spinorbit>false</spinorbit>
      <nbnd>11</nbnd>
      <nelec>1.297763682558675e1</nelec>
      <num_of_atomic_wfc>17</num_of_atomic_wfc>
      <wf_collected>true</wf_collected>
      <fermi_energy>-1.834702092279843e-1</fermi_energy>
      <starting_k_points>
        <monkhorst_pack nk1="6" nk2="6" nk3="1" k1="1" k2="1" k3="0">Uniform grid with offset</monkhorst_pack>
      </starting_k_points>
      <nks>18</nks>
      <occupations_kind>smearing</occupations_kind>
      <smearing degauss="1.000000000000e-2">mv</smearing>
      <ks_energies>
        <k_point weight="1.111111111111e-1">8.333333333333332e-2 8.333333333333332e-2 0.000000000000000e0</k_point>
        <npw>3999</npw>
        <eigenvalues size="11">
          -4.510589756179753e-1 -3.415581587140553e-1 -3.152645453436551e-1 -2.703893093362590e-1 -2.514207039625329e-1
          -2.434424480119931e-1 -1.946886087770971e-1 -1.678997671202566e-1 -1.534748544767115e-1 -1.047896617925819e-1
          -1.046885918029055e-1
          </eigenvalues>
        <occupations size="11">
          1.000000000000000e0 1.000000000000000e0 1.000000000000000e0 1.000000000000000e0 1.000000000000000e0
          1.000000000000243e0 1.057137247253429e0 3.051328291420408e-3 5.100085410658650e-7 0.000000000000000e0
          0.000000000000000e0
          </occupations>
      </ks_energies>
      <ks_energies>
        <k_point weight="1.111111111111e-1">8.333333333333332e-2 2.500000000000000e-1 0.000000000000000e0</k_point>
        <npw>4011</npw>
        <eigenvalues size="11">
          -4.422235247321900e-1 -3.660434776047171e-1 -3.199406761177358e-1 -2.701228281717574e-1 -2.403651814028832e-1
          -2.225858195422643e-1 -1.961044604400353e-1 -1.779139965575080e-1 -1.668569465894649e-1 -1.187474283673165e-1
          -7.683638290377601e-2
          </eigenvalues>
        <occupations size="11">
          1.000000000000000e0 1.000000000000000e0 1.000000000000000e0 1.000000000000000e0 1.000000000005686e0
          1.000010922272499e0 1.077038985925500e0 1.180592087264695e-1 1.866153641635338e-3 0.000000000000000e0
          0.000000000000000e0
          </occupations>
      </ks_energies>
      <ks_energies>
        <k_point weight="1.111111111111e-1">8.333333333333332e-2 4.166666666666666e-1 0.000000000000000e0</k_point>
        <npw>4016</npw>
        <eigenvalues size="11">
          -4.250103785637912e-1 -3.977878495121291e-1 -3.105332013072123e-1 -2.749179910329902e-1 -2.394743669394404e-1
          -2.235425312413908e-1 -2.008454484143447e-1 -1.848262911118383e-1 -1.341450430072469e-1 -1.158239924282637e-1
          -6.983267700061822e-2
          </eigenvalues>
        <occupations size="11">
          1.000000000000000e0 1.000000000000000e0 1.000000000000000e0 1.000000000000000e0 1.000000000013665e0
          1.000005904086521e0 1.065446431067974e0 4.972644895414629e-1 6.938893903907228e-15 0.000000000000000e0
          0.000000000000000e0
          </occupations>
      </ks_energies>
      <ks_energies>
        <k_point weight="1.111111111111e-1">8.333333333333332e-2 -4.166666666666666e-1 0.000000000000000e0</k_point>
        <npw>4016</npw>
        <eigenvalues size="11">
          -4.250103908243057e-1 -3.977878175057223e-1 -3.105333845736219e-1 -2.749177018277345e-1 -2.394742793869187e-1
          -2.235428538761749e-1 -2.008453485976491e-1 -1.848262730150285e-1 -1.341450963640678e-1 -1.158240580640981e-1
          -6.983249026280633e-2
          </eigenvalues>
        <occupations size="11">
          1.000000000000000e0 1.000000000000000e0 1.000000000000000e0 1.000000000000000e0 1.000000000013666e0
          1.000005902843190e0 1.065447321589346e0 4.972631577590677e-1 6.938893903907228e-15 0.000000000000000e0
          0.000000000000000e0
          </occupations>
      </ks_energies>
      <ks_energies>
        <k_point weight="1.111111111111e-1">8.333333333333332e-2 -2.500000000000000e-1 0.000000000000000e0</k_point>
        <npw>4011</npw>
        <eigenvalues size="11">
          -4.422235302690922e-1 -3.660433641005791e-1 -3.199410814806931e-1 -2.701221054346309e-1 -2.403654902337821e-1
          -2.225859463721380e-1 -1.961045399603292e-1 -1.779139930718648e-1 -1.668568148058426e-1 -1.187476959886609e-1
          -7.683626462008921e-2
          </eigenvalues>
        <occupations size="11">
          1.000000000000000e0 1.000000000000000e0 1.000000000000000e0 1.000000000000000e0 1.000000000005684e0
          1.000010921395378e0 1.077039687967146e0 1.180590975077593e-1 1.866035188610671e-3 0.000000000000000e0
          0.000000000000000e0
          </occupations>
      </ks_energies>
      <ks_energies>
        <k_point weight="1.111111111111e-1">8.333333333333332e-2 -8.333333333333325e-2 0.000000000000000e0</k_point>
        <npw>3999</npw>
        <eigenvalues size="11">
          -4.510589771279706e-1 -3.415579516348641e-1 -3.152651206390566e-1 -2.703878922787941e-1 -2.514227184393560e-1
          -2.434414761071451e-1 -1.946885781677142e-1 -1.678998786547198e-1 -1.534747926522558e-1 -1.047896086791598e-1
          -1.046887974010117e-1
          </eigenvalues>
        <occupations size="11">
          1.000000000000000e0 1.000000000000000e0 1.000000000000000e0 1.000000000000000e0 1.000000000000000e0
          1.000000000000243e0 1.057136646030673e0 3.051485306442336e-3 5.099850424739039e-7 0.000000000000000e0
          0.000000000000000e0
          </occupations>
      </ks_energies>
      <ks_energies>
        <k_point weight="1.111111111111e-1">2.500000000000000e-1 8.333333333333332e-2 0.000000000000000e0</k_point>
        <npw>4011</npw>
        <eigenvalues size="11">
          -4.422236161307382e-1 -3.660423442602986e-1 -3.199430657375038e-1 -2.701218374242022e-1 -2.403645734175072e-1
          -2.225857340115757e-1 -1.961042360751829e-1 -1.779132634391067e-1 -1.668568307227439e-1 -1.187501401341293e-1
          -7.683613393633680e-2
          </eigenvalues>
        <occupations size="11">
          1.000000000000000e0 1.000000000000000e0 1.000000000000000e0 1.000000000000000e0 1.000000000005689e0
          1.000010922864044e0 1.077037004896530e0 1.180358183569185e-1 1.866049495068967e-3 0.000000000000000e0
          0.000000000000000e0
          </occupations>
      </ks_energies>
      <ks_energies>
        <k_point weight="1.111111111111e-1">2.500000000000000e-1 2.500000000000000e-1 0.000000000000000e0</k_point>
        <npw>4007</npw>
        <eigenvalues size="11">
          -4.334472358352352e-1 -3.637607733076587e-1 -3.475697403528973e-1 -2.865838662356543e-1 -2.455392401460020e-1
          -1.904479516185437e-1 -1.859416734349031e-1 -1.696996218814710e-1 -1.366442633726018e-1 -1.302447856887927e-1
          -9.157931440685928e-2
          </eigenvalues>
        <occupations size="11">
          1.000000000000000e0 1.000000000000000e0 1.000000000000000e0 1.000000000000000e0 1.000000000000025e0
          8.936423653023493e-1 5.805615173873052e-1 6.783383175539671e-3 1.090794121694216e-13 5.551115123125783e-17
          0.000000000000000e0
          </occupations>
      </ks_energies>
      <ks_energies>
        <k_point weight="1.111111111111e-1">2.500000000000000e-1 4.166666666666666e-1 0.000000000000000e0</k_point>
        <npw>4019</npw>
        <eigenvalues size="11">
          -4.164439128853258e-1 -3.892964623399670e-1 -3.391012502013503e-1 -3.115274086922612e-1 -2.485258615447795e-1
          -1.791973526872372e-1 -1.688485454200116e-1 -1.490209839285130e-1 -1.356926837845034e-1 -1.175806541387701e-1
          -9.998708343920871e-2
          </eigenvalues>
        <occupations size="11">
          1.000000000000000e0 1.000000000000000e0 1.000000000000000e0 1.000000000000000e0 1.000000000000001e0
          1.644909688304498e-1 4.685849309553736e-3 1.515510994476443e-8 3.869127240818670e-14 0.000000000000000e0
          0.000000000000000e0
          </occupations>
      </ks_energies>
      <ks_energies>
        <k_point weight="1.111111111111e-1">2.500000000000000e-1 -4.166666666666666e-1 0.000000000000000e0</k_point>
        <npw>4019</npw>
        <eigenvalues size="11">
          -4.164439587945301e-1 -3.892963089418344e-1 -3.391016350146603e-1 -3.115270877766938e-1 -2.485258658534796e-1
          -1.791971724786698e-1 -1.688486875323148e-1 -1.490210515599147e-1 -1.356929510321344e-1 -1.175806699958064e-1
          -9.998677066720560e-2
          </eigenvalues>
        <occupations size="11">
          1.000000000000000e0 1.000000000000000e0 1.000000000000000e0 1.000000000000000e0 1.000000000000001e0
          1.644836572699402e-1 4.686144261158764e-3 1.515596442791534e-8 3.869127240818670e-14 0.000000000000000e0
          0.000000000000000e0
          </occupations>
      </ks_energies>
      <ks_energies>
        <k_point weight="1.111111111111e-1">2.500000000000000e-1 -2.500000000000000e-1 0.000000000000000e0</k_point>
        <npw>4007</npw>
        <eigenvalues size="11">
          -4.334472556639533e-1 -3.637600628455935e-1 -3.475707549835600e-1 -2.865833384000052e-1 -2.455392960473961e-1
          -1.904469552960734e-1 -1.859432274058340e-1 -1.696991167865857e-1 -1.366441944535181e-1 -1.302453830925408e-1
          -9.157899322302432e-2
          </eigenvalues>
        <occupations size="11">
          1.000000000000000e0 1.000000000000000e0 1.000000000000000e0 1.000000000000000e0 1.000000000000025e0
          8.935854129892235e-1 5.806786290217790e-1 6.781922315616362e-3 1.090794121694216e-13 5.551115123125783e-17
          0.000000000000000e0
          </occupations>
      </ks_energies>
      <ks_energies>
        <k_point weight="1.111111111111e-1">2.500000000000000e-1 -8.333333333333325e-2 0.000000000000000e0</k_point>
        <npw>4011</npw>
        <eigenvalues size="11">
          -4.422236216185416e-1 -3.660422307506371e-1 -3.199434746035842e-1 -2.701210913846111e-1 -2.403649384460863e-1
          -2.225858396568671e-1 -1.961042531352264e-1 -1.779133475683401e-1 -1.668566582179535e-1 -1.187504110594747e-1
          -7.683602675644191e-2
          </eigenvalues>
        <occupations size="11">
          1.000000000000000e0 1.000000000000000e0 1.000000000000000e0 1.000000000000000e0 1.000000000005687e0
          1.000010922133387e0 1.077037155540237e0 1.180385023503978e-1 1.865894449352257e-3 0.000000000000000e0
          0.000000000000000e0
          </occupations>
      </ks_energies>
      <ks_energies>
        <k_point weight="1.111111111111e-1">4.166666666666666e-1 8.333333333333332e-2 0.000000000000000e0</k_point>
        <npw>4016</npw>
        <eigenvalues size="11">
          -4.250111168072599e-1 -3.977861938395575e-1 -3.105371573976520e-1 -2.749148356775898e-1 -2.394760859617184e-1
          -2.235401284094126e-1 -2.008463554892365e-1 -1.848233544179093e-1 -1.341466140869918e-1 -1.158277511945743e-1
          -6.982971582905265e-2
          </eigenvalues>
        <occupations size="11">
          1.000000000000000e0 1.000000000000000e0 1.000000000000000e0 1.000000000000000e0 1.000000000013642e0
          1.000005913354115e0 1.065438338117828e0 4.970483834330256e-1 6.938893903907228e-15 0.000000000000000e0
          0.000000000000000e0
          </occupations>
      </ks_energies>
      <ks_energies>
        <k_point weight="1.111111111111e-1">4.166666666666666e-1 2.500000000000000e-1 0.000000000000000e0</k_point>
        <npw>4019</npw>
        <eigenvalues size="11">
          -4.164445744402589e-1 -3.892946153114292e-1 -3.391043015691309e-1 -3.115255024137304e-1 -2.485264282504676e-1
          -1.791950843388510e-1 -1.688469779405721e-1 -1.490221735123943e-1 -1.356962438955091e-1 -1.175813418421104e-1
          -9.998455278649544e-2
          </eigenvalues>
        <occupations size="11">
          1.000000000000000e0 1.000000000000000e0 1.000000000000000e0 1.000000000000000e0 1.000000000000001e0
          1.643989522385231e-1 4.682597142941947e-3 1.517014652785420e-8 3.880229471064922e-14 0.000000000000000e0
          0.000000000000000e0
          </occupations>
      </ks_energies>
      <ks_energies>
        <k_point weight="1.111111111111e-1">4.166666666666666e-1 4.166666666666666e-1 0.000000000000000e0</k_point>
        <npw>4005</npw>
        <eigenvalues size="11">
          -4.003635500095925e-1 -3.770042825135827e-1 -3.649178480733392e-1 -3.437657078776795e-1 -2.481029298152706e-1
          -1.650924076187017e-1 -1.458903260749305e-1 -1.296206752736697e-1 -1.080905549812362e-1 -1.059905330680289e-1
          -1.017745066199802e-1
          </eigenvalues>
        <occupations size="11">
          1.000000000000000e0 1.000000000000000e0 1.000000000000000e0 1.000000000000000e0 1.000000000000001e0
          7.737915454695266e-4 1.011119021843143e-9 5.551115123125783e-17 0.000000000000000e0 0.000000000000000e0
          0.000000000000000e0
          </occupations>
      </ks_energies>
      <ks_energies>
        <k_point weight="1.111111111111e-1">4.166666666666666e-1 -4.166666666666666e-1 0.000000000000000e0</k_point>
        <npw>4005</npw>
        <eigenvalues size="11">
          -4.003636679095793e-1 -3.770034113731806e-1 -3.649189555485898e-1 -3.437653434986754e-1 -2.481029312202443e-1
          -1.650921153364204e-1 -1.458910491372412e-1 -1.296201615430015e-1 -1.080916072190162e-1 -1.059892950373489e-1
          -1.017747563252675e-1
          </eigenvalues>
        <occupations size="11">
          1.000000000000000e0 1.000000000000000e0 1.000000000000000e0 1.000000000000000e0 1.000000000000001e0
          7.736748173214347e-4 1.011774108938823e-9 5.551115123125783e-17 0.000000000000000e0 0.000000000000000e0
          0.000000000000000e0
          </occupations>
      </ks_energies>
      <ks_energies>
        <k_point weight="1.111111111111e-1">4.166666666666666e-1 -2.500000000000000e-1 0.000000000000000e0</k_point>
        <npw>4019</npw>
        <eigenvalues size="11">
          -4.164446206924108e-1 -3.892944629189910e-1 -3.391046878507718e-1 -3.115251776539992e-1 -2.485264351340427e-1
          -1.791949069989904e-1 -1.688471320832857e-1 -1.490222153344689e-1 -1.356965193938967e-1 -1.175813570168319e-1
          -9.998423475575356e-2
          </eigenvalues>
        <occupations size="11">
          1.000000000000000e0 1.000000000000000e0 1.000000000000000e0 1.000000000000000e0 1.000000000000001e0
          1.643917598841438e-1 4.682916864145847e-3 1.517067549361428e-8 3.880229471064922e-14 0.000000000000000e0
          0.000000000000000e0
          </occupations>
      </ks_energies>
      <ks_energies>
        <k_point weight="1.111111111111e-1">4.166666666666666e-1 -8.333333333333325e-2 0.000000000000000e0</k_point>
        <npw>4016</npw>
        <eigenvalues size="11">
          -4.250111287773723e-1 -3.977861607011105e-1 -3.105373446307928e-1 -2.749145289885355e-1 -2.394760527770124e-1
          -2.235404043500285e-1 -2.008462493439407e-1 -1.848233189875516e-1 -1.341466756841908e-1 -1.158278081345385e-1
          -6.982952590856822e-2
          </eigenvalues>
        <occupations size="11">
          1.000000000000000e0 1.000000000000000e0 1.000000000000000e0 1.000000000000000e0 1.000000000013643e0
          1.000005912289123e0 1.065439285188550e0 4.970457763157395e-1 6.938893903907228e-15 0.000000000000000e0
          0.000000000000000e0
          </occupations>
      </ks_energies>
    </band_structure>
  </output>
  <status>0</status>
  <timing_info>
    <total label="PWSCF">
      <cpu>5.396890900000001e1</cpu>
      <wall>6.207551789283753e1</wall>
    </total>
    <partial label="electrons" calls="1">
      <cpu>5.326477600000000e1</cpu>
      <wall>6.127948594093323e1</wall>
    </partial>
  </timing_info>
  <closed DATE="30 Dec 2020" TIME=" 7:50:52"></closed>
</qes:espresso>
