<?xml version="1.0" encoding="UTF-8"?>
<qes:espresso xsi:schemaLocation="http://www.quantum-espresso.org/ns/qes/qes-1.0 http://www.quantum-espresso.org/ns/qes/qes_030920.xsd" Units="Hartree atomic units" xmlns:xsi="http://www.w3.org/2001/XMLSchema-instance" xmlns:qes="http://www.quantum-espresso.org/ns/qes/qes-1.0">
  <!--All quantities are in Hartree atomic units unless otherwise specified-->
  <general_info>
    <xml_format NAME="QEXSD" VERSION="20.04.20">QEXSD_20.04.20</xml_format>
    <creator NAME="PWSCF" VERSION="6.7MaX">XML file generated by PWSCF</creator>
    <created DATE="30Dec2020" TIME=" 7:49:48">This run was terminated on:   7:49:48  30 Dec 2020</created>
    <job></job>
  </general_info>
  <parallel_info>
    <nprocs>12</nprocs>
    <nthreads>1</nthreads>
    <ntasks>1</ntasks>
    <nbgrp>1</nbgrp>
    <npool>1</npool>
    <ndiag>4</ndiag>
  </parallel_info>
  <input>
    <control_variables>
      <title></title>
      <calculation>scf</calculation>
      <restart_mode>from_scratch</restart_mode>
      <prefix>Al001+H_FCP_vm05</prefix>
      <pseudo_dir>/cluster-001-share/groups/otani-lab/Programs/q-e_g_esm/pseudo/</pseudo_dir>
      <outdir>/cluster-001-share/groups/otani-lab/Programs/q-e_g_esm/tempdir/</outdir>
      <stress>false</stress>
      <forces>false</forces>
      <wf_collect>true</wf_collect>
      <disk_io>low</disk_io>
      <max_seconds>10000000</max_seconds>
      <nstep>1</nstep>
      <etot_conv_thr>5.000000000000000e-5</etot_conv_thr>
      <forc_conv_thr>5.000000000000000e-4</forc_conv_thr>
      <press_conv_thr>5.000000000000000e-1</press_conv_thr>
      <verbosity>low</verbosity>
      <print_every>100000</print_every>
    </control_variables>
    <atomic_species ntyp="2">
      <species name="Al">
        <mass>2.698153800000000e1</mass>
        <pseudo_file>Al.pbe-n-van.UPF</pseudo_file>
      </species>
      <species name="H">
        <mass>1.007940000000000e0</mass>
        <pseudo_file>H.pbe-van_ak.UPF</pseudo_file>
      </species>
    </atomic_species>
    <atomic_structure nat="5" alat="1.082227686000e1">
      <atomic_positions>
        <atom name="Al" index="1">0.000000000000000e0 0.000000000000000e0 0.000000000000000e0</atom>
        <atom name="Al" index="2">5.411138430000000e0 0.000000000000000e0 0.000000000000000e0</atom>
        <atom name="Al" index="3">0.000000000000000e0 5.411138430000000e0 0.000000000000000e0</atom>
        <atom name="Al" index="4">5.411138430000000e0 5.411138430000000e0 0.000000000000000e0</atom>
        <atom name="H" index="5">5.411138430000000e0 5.411138430000000e0 3.110553670000000e0</atom>
      </atomic_positions>
      <cell>
        <a1>1.082227686000000e1 0.000000000000000e0 0.000000000000000e0</a1>
        <a2>0.000000000000000e0 1.082227686000000e1 0.000000000000000e0</a2>
        <a3>0.000000000000000e0 0.000000000000000e0 2.267672253000000e1</a3>
      </cell>
    </atomic_structure>
    <dft>
      <functional>PBE</functional>
    </dft>
    <spin>
      <lsda>false</lsda>
      <noncolin>false</noncolin>
      <spinorbit>false</spinorbit>
    </spin>
    <bands>
      <smearing degauss="1.000000000000e-2">mv</smearing>
      <tot_charge>2.149999999999999e-2</tot_charge>
      <occupations>smearing</occupations>
    </bands>
    <basis>
      <gamma_only>false</gamma_only>
      <ecutwfc>1.000000000000000e1</ecutwfc>
      <ecutrho>4.000000000000000e1</ecutrho>
    </basis>
    <electron_control>
      <diagonalization>davidson</diagonalization>
      <mixing_mode>plain</mixing_mode>
      <mixing_beta>3.000000000000000e-1</mixing_beta>
      <conv_thr>5.000000000000000e-7</conv_thr>
      <mixing_ndim>8</mixing_ndim>
      <max_nstep>100</max_nstep>
      <real_space_q>false</real_space_q>
      <real_space_beta>false</real_space_beta>
      <tq_smoothing>false</tq_smoothing>
      <tbeta_smoothing>false</tbeta_smoothing>
      <diago_thr_init>0.000000000000000e0</diago_thr_init>
      <diago_full_acc>false</diago_full_acc>
      <diago_cg_maxiter>20</diago_cg_maxiter>
      <diago_ppcg_maxiter>20</diago_ppcg_maxiter>
    </electron_control>
    <k_points_IBZ>
      <monkhorst_pack nk1="6" nk2="6" nk3="1" k1="1" k2="1" k3="0">Uniform grid with offset</monkhorst_pack>
    </k_points_IBZ>
    <ion_control>
      <ion_dynamics>none</ion_dynamics>
      <upscale>1.000000000000000e2</upscale>
      <remove_rigid_rot>false</remove_rigid_rot>
      <refold_pos>false</refold_pos>
    </ion_control>
    <cell_control>
      <cell_dynamics>none</cell_dynamics>
      <pressure>0.000000000000000e0</pressure>
      <wmass>1.089340920000000e2</wmass>
      <cell_factor>0.000000000000000e0</cell_factor>
      <fix_volume>false</fix_volume>
      <fix_area>false</fix_area>
      <isotropic>false</isotropic>
    </cell_control>
    <symmetry_flags>
      <nosym>true</nosym>
      <nosym_evc>false</nosym_evc>
      <noinv>false</noinv>
      <no_t_rev>false</no_t_rev>
      <force_symmorphic>false</force_symmorphic>
      <use_all_frac>false</use_all_frac>
    </symmetry_flags>
    <boundary_conditions>
      <assume_isolated>esm</assume_isolated>
      <esm>
        <bc>bc3</bc>
        <nfit>4</nfit>
        <w>0.000000000000000e0</w>
        <efield>0.000000000000000e0</efield>
      </esm>
      <fcp>false</fcp>
      <fcp_mu>1.000000000000006e99</fcp_mu>
    </boundary_conditions>
  </input>
  <output>
    <convergence_info>
      <scf_conv>
        <convergence_achieved>true</convergence_achieved>
        <n_scf_steps>4</n_scf_steps>
        <scf_error>2.244114904223177e-7</scf_error>
      </scf_conv>
    </convergence_info>
    <algorithmic_info>
      <real_space_q>false</real_space_q>
      <real_space_beta>false</real_space_beta>
      <uspp>true</uspp>
      <paw>false</paw>
    </algorithmic_info>
    <atomic_species ntyp="2" pseudo_dir="/cluster-001-share/groups/otani-lab/Programs/q-e_g_esm/pseudo/">
      <species name="Al">
        <mass>2.698153800000000e1</mass>
        <pseudo_file>Al.pbe-n-van.UPF</pseudo_file>
      </species>
      <species name="H">
        <mass>1.007940000000000e0</mass>
        <pseudo_file>H.pbe-van_ak.UPF</pseudo_file>
      </species>
    </atomic_species>
    <atomic_structure nat="5" alat="1.082227686000e1">
      <atomic_positions>
        <atom name="Al" index="1">0.000000000000000e0 0.000000000000000e0 0.000000000000000e0</atom>
        <atom name="Al" index="2">5.411138430000000e0 0.000000000000000e0 0.000000000000000e0</atom>
        <atom name="Al" index="3">0.000000000000000e0 5.411138430000000e0 0.000000000000000e0</atom>
        <atom name="Al" index="4">5.411138430000000e0 5.411138430000000e0 0.000000000000000e0</atom>
        <atom name="H" index="5">2.705533220131315e0 2.705533220131315e0 1.540950186873353e0</atom>
      </atomic_positions>
      <cell>
        <a1>1.082227686000000e1 0.000000000000000e0 0.000000000000000e0</a1>
        <a2>0.000000000000000e0 1.082227686000000e1 0.000000000000000e0</a2>
        <a3>0.000000000000000e0 0.000000000000000e0 2.267672253000000e1</a3>
      </cell>
    </atomic_structure>
    <symmetries>
      <nsym>1</nsym>
      <nrot>16</nrot>
      <space_group>0</space_group>
      <symmetry>
        <info name="identity">crystal_symmetry</info>
        <rotation rank="2" dims="3 3" order="F">
          1.000000000000000e0 0.000000000000000e0 0.000000000000000e0
          0.000000000000000e0 1.000000000000000e0 0.000000000000000e0
          0.000000000000000e0 0.000000000000000e0 1.000000000000000e0
          </rotation>
        <fractional_translation>0.000000000000000e0 0.000000000000000e0 0.000000000000000e0</fractional_translation>
        <equivalent_atoms nat="5" size="5">
          1 2 3 4 5
          </equivalent_atoms>
      </symmetry>
      <symmetry>
        <info name="180 deg rotation - cart. axis [0,0,1]">lattice_symmetry</info>
        <rotation rank="2" dims="3 3" order="F">
          -1.000000000000000e0 0.000000000000000e0 0.000000000000000e0
          0.000000000000000e0 -1.000000000000000e0 0.000000000000000e0
          0.000000000000000e0 0.000000000000000e0 1.000000000000000e0
          </rotation>
      </symmetry>
      <symmetry>
        <info name=" 90 deg rotation - cart. axis [0,0,-1]">lattice_symmetry</info>
        <rotation rank="2" dims="3 3" order="F">
          0.000000000000000e0 1.000000000000000e0 0.000000000000000e0
          -1.000000000000000e0 0.000000000000000e0 0.000000000000000e0
          0.000000000000000e0 0.000000000000000e0 1.000000000000000e0
          </rotation>
      </symmetry>
      <symmetry>
        <info name=" 90 deg rotation - cart. axis [0,0,1]">lattice_symmetry</info>
        <rotation rank="2" dims="3 3" order="F">
          0.000000000000000e0 -1.000000000000000e0 0.000000000000000e0
          1.000000000000000e0 0.000000000000000e0 0.000000000000000e0
          0.000000000000000e0 0.000000000000000e0 1.000000000000000e0
          </rotation>
      </symmetry>
      <symmetry>
        <info name="inv. 180 deg rotation - cart. axis [0,1,0]">lattice_symmetry</info>
        <rotation rank="2" dims="3 3" order="F">
          1.000000000000000e0 0.000000000000000e0 0.000000000000000e0
          0.000000000000000e0 -1.000000000000000e0 0.000000000000000e0
          0.000000000000000e0 0.000000000000000e0 1.000000000000000e0
          </rotation>
      </symmetry>
      <symmetry>
        <info name="inv. 180 deg rotation - cart. axis [1,0,0]">lattice_symmetry</info>
        <rotation rank="2" dims="3 3" order="F">
          -1.000000000000000e0 0.000000000000000e0 0.000000000000000e0
          0.000000000000000e0 1.000000000000000e0 0.000000000000000e0
          0.000000000000000e0 0.000000000000000e0 1.000000000000000e0
          </rotation>
      </symmetry>
      <symmetry>
        <info name="inv. 180 deg rotation - cart. axis [1,1,0]">lattice_symmetry</info>
        <rotation rank="2" dims="3 3" order="F">
          0.000000000000000e0 -1.000000000000000e0 0.000000000000000e0
          -1.000000000000000e0 0.000000000000000e0 0.000000000000000e0
          0.000000000000000e0 0.000000000000000e0 1.000000000000000e0
          </rotation>
      </symmetry>
      <symmetry>
        <info name="inv. 180 deg rotation - cart. axis [1,-1,0]">lattice_symmetry</info>
        <rotation rank="2" dims="3 3" order="F">
          0.000000000000000e0 1.000000000000000e0 0.000000000000000e0
          1.000000000000000e0 0.000000000000000e0 0.000000000000000e0
          0.000000000000000e0 0.000000000000000e0 1.000000000000000e0
          </rotation>
      </symmetry>
      <symmetry>
        <info name="inversion">lattice_symmetry</info>
        <rotation rank="2" dims="3 3" order="F">
          -1.000000000000000e0 0.000000000000000e0 0.000000000000000e0
          0.000000000000000e0 -1.000000000000000e0 0.000000000000000e0
          0.000000000000000e0 0.000000000000000e0 -1.000000000000000e0
          </rotation>
      </symmetry>
      <symmetry>
        <info name="inv. 180 deg rotation - cart. axis [0,0,1]">lattice_symmetry</info>
        <rotation rank="2" dims="3 3" order="F">
          1.000000000000000e0 0.000000000000000e0 0.000000000000000e0
          0.000000000000000e0 1.000000000000000e0 0.000000000000000e0
          0.000000000000000e0 0.000000000000000e0 -1.000000000000000e0
          </rotation>
      </symmetry>
      <symmetry>
        <info name="180 deg rotation - cart. axis [1,1,0]">lattice_symmetry</info>
        <rotation rank="2" dims="3 3" order="F">
          0.000000000000000e0 1.000000000000000e0 0.000000000000000e0
          1.000000000000000e0 0.000000000000000e0 0.000000000000000e0
          0.000000000000000e0 0.000000000000000e0 -1.000000000000000e0
          </rotation>
      </symmetry>
      <symmetry>
        <info name="180 deg rotation - cart. axis [1,-1,0]">lattice_symmetry</info>
        <rotation rank="2" dims="3 3" order="F">
          0.000000000000000e0 -1.000000000000000e0 0.000000000000000e0
          -1.000000000000000e0 0.000000000000000e0 0.000000000000000e0
          0.000000000000000e0 0.000000000000000e0 -1.000000000000000e0
          </rotation>
      </symmetry>
      <symmetry>
        <info name="180 deg rotation - cart. axis [0,1,0]">lattice_symmetry</info>
        <rotation rank="2" dims="3 3" order="F">
          -1.000000000000000e0 0.000000000000000e0 0.000000000000000e0
          0.000000000000000e0 1.000000000000000e0 0.000000000000000e0
          0.000000000000000e0 0.000000000000000e0 -1.000000000000000e0
          </rotation>
      </symmetry>
      <symmetry>
        <info name="180 deg rotation - cart. axis [1,0,0]">lattice_symmetry</info>
        <rotation rank="2" dims="3 3" order="F">
          1.000000000000000e0 0.000000000000000e0 0.000000000000000e0
          0.000000000000000e0 -1.000000000000000e0 0.000000000000000e0
          0.000000000000000e0 0.000000000000000e0 -1.000000000000000e0
          </rotation>
      </symmetry>
      <symmetry>
        <info name="inv.  90 deg rotation - cart. axis [0,0,-1]">lattice_symmetry</info>
        <rotation rank="2" dims="3 3" order="F">
          0.000000000000000e0 -1.000000000000000e0 0.000000000000000e0
          1.000000000000000e0 0.000000000000000e0 0.000000000000000e0
          0.000000000000000e0 0.000000000000000e0 -1.000000000000000e0
          </rotation>
      </symmetry>
      <symmetry>
        <info name="inv.  90 deg rotation - cart. axis [0,0,1]">lattice_symmetry</info>
        <rotation rank="2" dims="3 3" order="F">
          0.000000000000000e0 1.000000000000000e0 0.000000000000000e0
          -1.000000000000000e0 0.000000000000000e0 0.000000000000000e0
          0.000000000000000e0 0.000000000000000e0 -1.000000000000000e0
          </rotation>
      </symmetry>
    </symmetries>
    <basis_set>
      <gamma_only>false</gamma_only>
      <ecutwfc>1.000000000000000e1</ecutwfc>
      <ecutrho>4.000000000000000e1</ecutrho>
      <fft_grid nr1="32" nr2="32" nr3="72"></fft_grid>
      <fft_smooth nr1="32" nr2="32" nr3="72"></fft_smooth>
      <fft_box nr1="32" nr2="32" nr3="72"></fft_box>
      <ngm>32157</ngm>
      <ngms>32157</ngms>
      <npwx>4019</npwx>
      <reciprocal_lattice>
        <b1>1.000000000000000e0 0.000000000000000e0 0.000000000000000e0</b1>
        <b2>0.000000000000000e0 1.000000000000000e0 0.000000000000000e0</b2>
        <b3>0.000000000000000e0 0.000000000000000e0 4.772416668979721e-1</b3>
      </reciprocal_lattice>
    </basis_set>
    <dft>
      <functional>PBE</functional>
    </dft>
    <boundary_conditions>
      <assume_isolated>esm</assume_isolated>
    </boundary_conditions>
    <magnetization>
      <lsda>false</lsda>
      <noncolin>false</noncolin>
      <spinorbit>false</spinorbit>
      <total>0.000000000000000e0</total>
      <absolute>0.000000000000000e0</absolute>
    </magnetization>
    <total_energy>
      <etot>-2.532428952172552e1</etot>
      <eband>-4.013182514948484e0</eband>
      <ehart>9.295166643502194e1</ehart>
      <vtxc>-4.273725286728404e0</vtxc>
      <etxc>-1.996521031517333e1</etxc>
      <ewald>8.732953262075783e1</ewald>
      <demet>-5.350163203255999e-4</demet>
    </total_energy>
    <band_structure>
      <lsda>false</lsda>
      <noncolin>false</noncolin>
      <spinorbit>false</spinorbit>
      <nbnd>10</nbnd>
      <nelec>1.296170853693977e1</nelec>
      <num_of_atomic_wfc>17</num_of_atomic_wfc>
      <wf_collected>true</wf_collected>
      <fermi_energy>-1.839045817091818e-1</fermi_energy>
      <starting_k_points>
        <monkhorst_pack nk1="6" nk2="6" nk3="1" k1="1" k2="1" k3="0">Uniform grid with offset</monkhorst_pack>
      </starting_k_points>
      <nks>18</nks>
      <occupations_kind>smearing</occupations_kind>
      <smearing degauss="1.000000000000e-2">mv</smearing>
      <ks_energies>
        <k_point weight="1.111111111111e-1">8.333333333333332e-2 8.333333333333332e-2 0.000000000000000e0</k_point>
        <npw>3999</npw>
        <eigenvalues size="10">
          -4.709543902861696e-1 -3.501730408091307e-1 -3.171111411830497e-1 -2.929650258778707e-1 -2.523095719161861e-1
          -2.302567125995476e-1 -1.930110195655449e-1 -1.595350275900858e-1 -1.309707890282199e-1 -1.064084046120611e-1
          </eigenvalues>
        <occupations size="10">
          1.000000000000000e0 1.000000000000000e0 1.000000000000000e0 1.000000000000000e0 1.000000000000000e0
          1.000000065518702e0 9.960200577452268e-1 2.468329963983829e-5 1.110223024625157e-16 0.000000000000000e0
          </occupations>
      </ks_energies>
      <ks_energies>
        <k_point weight="1.111111111111e-1">8.333333333333332e-2 2.500000000000000e-1 0.000000000000000e0</k_point>
        <npw>4011</npw>
        <eigenvalues size="10">
          -4.635192750620861e-1 -3.769499848608118e-1 -3.194120391806015e-1 -2.796433727473002e-1 -2.346371528937894e-1
          -2.234032702767951e-1 -2.026423097452872e-1 -1.827855542681958e-1 -1.469738657045509e-1 -1.032536284283738e-1
          </eigenvalues>
        <occupations size="10">
          1.000000000000000e0 1.000000000000000e0 1.000000000000000e0 1.000000000000000e0 1.000000001766644e0
          1.000008556882524e0 1.052799112565593e0 3.273638326517268e-1 1.801187199390597e-9 0.000000000000000e0
          </occupations>
      </ks_energies>
      <ks_energies>
        <k_point weight="1.111111111111e-1">8.333333333333332e-2 4.166666666666666e-1 0.000000000000000e0</k_point>
        <npw>4016</npw>
        <eigenvalues size="10">
          -4.519243819469216e-1 -4.030924926745368e-1 -3.085383001767019e-1 -2.749267757182169e-1 -2.545177871267152e-1
          -2.161777309014439e-1 -2.021093536347473e-1 -1.780413809071428e-1 -1.383924855520378e-1 -8.684516778156620e-2
          </eigenvalues>
        <occupations size="10">
          1.000000000000000e0 1.000000000000000e0 1.000000000000000e0 1.000000000000000e0 1.000000000000000e0
          1.000513297579940e0 1.057813596377344e0 1.085644561759296e-1 4.432010314303625e-13 0.000000000000000e0
          </occupations>
      </ks_energies>
      <ks_energies>
        <k_point weight="1.111111111111e-1">8.333333333333332e-2 -4.166666666666666e-1 0.000000000000000e0</k_point>
        <npw>4016</npw>
        <eigenvalues size="10">
          -4.519243792212432e-1 -4.030925027591046e-1 -3.085382222563538e-1 -2.749268942106365e-1 -2.545177739468691e-1
          -2.161776887261136e-1 -2.021093660397387e-1 -1.780413918994023e-1 -1.383924730534538e-1 -8.684525362730810e-2
          </eigenvalues>
        <occupations size="10">
          1.000000000000000e0 1.000000000000000e0 1.000000000000000e0 1.000000000000000e0 1.000000000000000e0
          1.000513308221994e0 1.057813479965855e0 1.085647854966940e-1 4.432010314303625e-13 0.000000000000000e0
          </occupations>
      </ks_energies>
      <ks_energies>
        <k_point weight="1.111111111111e-1">8.333333333333332e-2 -2.500000000000000e-1 0.000000000000000e0</k_point>
        <npw>4011</npw>
        <eigenvalues size="10">
          -4.635192735806535e-1 -3.769500229390034e-1 -3.194118741250764e-1 -2.796435655384602e-1 -2.346371445633882e-1
          -2.234032748023422e-1 -2.026422700677677e-1 -1.827855500301145e-1 -1.469738824463201e-1 -1.032536460241419e-1
          </eigenvalues>
        <occupations size="10">
          1.000000000000000e0 1.000000000000000e0 1.000000000000000e0 1.000000000000000e0 1.000000001766657e0
          1.000008556857700e0 1.052799485561291e0 3.273635687864108e-1 1.801213789232037e-9 0.000000000000000e0
          </occupations>
      </ks_energies>
      <ks_energies>
        <k_point weight="1.111111111111e-1">8.333333333333332e-2 -8.333333333333325e-2 0.000000000000000e0</k_point>
        <npw>3999</npw>
        <eigenvalues size="10">
          -4.709543891959148e-1 -3.501731122134225e-1 -3.171108722768587e-1 -2.929653112054905e-1 -2.523094890250711e-1
          -2.302567191171734e-1 -1.930110038106590e-1 -1.595350131321879e-1 -1.309699803466927e-1 -1.063810780009493e-1
          </eigenvalues>
        <occupations size="10">
          1.000000000000000e0 1.000000000000000e0 1.000000000000000e0 1.000000000000000e0 1.000000000000000e0
          1.000000065518369e0 9.960194504160484e-1 2.468307339442699e-5 1.110223024625157e-16 0.000000000000000e0
          </occupations>
      </ks_energies>
      <ks_energies>
        <k_point weight="1.111111111111e-1">2.500000000000000e-1 8.333333333333332e-2 0.000000000000000e0</k_point>
        <npw>4011</npw>
        <eigenvalues size="10">
          -4.635192840136856e-1 -3.769499316584551e-1 -3.194121083133504e-1 -2.796433750677126e-1 -2.346371751524362e-1
          -2.234032540445841e-1 -2.026422587849630e-1 -1.827855677576403e-1 -1.469738739993692e-1 -1.032536049899643e-1
          </eigenvalues>
        <occupations size="10">
          1.000000000000000e0 1.000000000000000e0 1.000000000000000e0 1.000000000000000e0 1.000000001766610e0
          1.000008556971564e0 1.052799591627379e0 3.273646725128356e-1 1.801200300022288e-9 0.000000000000000e0
          </occupations>
      </ks_energies>
      <ks_energies>
        <k_point weight="1.111111111111e-1">2.500000000000000e-1 2.500000000000000e-1 0.000000000000000e0</k_point>
        <npw>4007</npw>
        <eigenvalues size="10">
          -4.563775028353713e-1 -3.776429128075999e-1 -3.491719049005458e-1 -2.836739050071232e-1 -2.390866399008878e-1
          -1.997343395503027e-1 -1.869754494335164e-1 -1.480966112343451e-1 -1.432716868741588e-1 -1.307971517526773e-1
          </eigenvalues>
        <occupations size="10">
          1.000000000000000e0 1.000000000000000e0 1.000000000000000e0 1.000000000000000e0 1.000000000030263e0
          1.077508685488661e0 6.257449475604737e-1 4.793550834047977e-9 5.979672312861339e-11 5.551115123125783e-17
          </occupations>
      </ks_energies>
      <ks_energies>
        <k_point weight="1.111111111111e-1">2.500000000000000e-1 4.166666666666666e-1 0.000000000000000e0</k_point>
        <npw>4019</npw>
        <eigenvalues size="10">
          -4.455937055226813e-1 -3.947373217407766e-1 -3.448953932580263e-1 -3.120983565357704e-1 -2.274243212742110e-1
          -1.816567593602164e-1 -1.690505161874778e-1 -1.540707206753799e-1 -1.331186742724288e-1 -1.183499764068954e-1
          </eigenvalues>
        <occupations size="10">
          1.000000000000000e0 1.000000000000000e0 1.000000000000000e0 1.000000000000000e0 1.000000551011113e0
          2.611724740619853e-1 4.225295255414707e-3 5.750892335121272e-7 1.276756478318930e-15 0.000000000000000e0
          </occupations>
      </ks_energies>
      <ks_energies>
        <k_point weight="1.111111111111e-1">2.500000000000000e-1 -4.166666666666666e-1 0.000000000000000e0</k_point>
        <npw>4019</npw>
        <eigenvalues size="10">
          -4.455936989996692e-1 -3.947373641693905e-1 -3.448952854887517e-1 -3.120984314516091e-1 -2.274243409488331e-1
          -1.816567974836699e-1 -1.690505046993712e-1 -1.540706842775158e-1 -1.331186087898972e-1 -1.183499181522697e-1
          </eigenvalues>
        <occupations size="10">
          1.000000000000000e0 1.000000000000000e0 1.000000000000000e0 1.000000000000000e0 1.000000551003274e0
          2.611745660654648e-1 4.225273537145135e-3 5.750737007148565e-7 1.276756478318930e-15 0.000000000000000e0
          </occupations>
      </ks_energies>
      <ks_energies>
        <k_point weight="1.111111111111e-1">2.500000000000000e-1 -2.500000000000000e-1 0.000000000000000e0</k_point>
        <npw>4007</npw>
        <eigenvalues size="10">
          -4.563774965303916e-1 -3.776430491169243e-1 -3.491716769115673e-1 -2.836739354456730e-1 -2.390866754905363e-1
          -1.997344209574108e-1 -1.869753030302867e-1 -1.480967164011004e-1 -1.432716548614855e-1 -1.307969806233864e-1
          </eigenvalues>
        <occupations size="10">
          1.000000000000000e0 1.000000000000000e0 1.000000000000000e0 1.000000000000000e0 1.000000000030262e0
          1.077508176488987e0 6.257339272371159e-1 4.793984764717152e-9 5.979489126062276e-11 5.551115123125783e-17
          </occupations>
      </ks_energies>
      <ks_energies>
        <k_point weight="1.111111111111e-1">2.500000000000000e-1 -8.333333333333325e-2 0.000000000000000e0</k_point>
        <npw>4011</npw>
        <eigenvalues size="10">
          -4.635192806368835e-1 -3.769499684702937e-1 -3.194119386481896e-1 -2.796435515110324e-1 -2.346371521133448e-1
          -2.234032678495695e-1 -2.026422323772223e-1 -1.827855549983092e-1 -1.469738951392993e-1 -1.032537290405014e-1
          </eigenvalues>
        <occupations size="10">
          1.000000000000000e0 1.000000000000000e0 1.000000000000000e0 1.000000000000000e0 1.000000001766645e0
          1.000008556895839e0 1.052799839878295e0 3.273638781090083e-1 1.801233939779934e-9 0.000000000000000e0
          </occupations>
      </ks_energies>
      <ks_energies>
        <k_point weight="1.111111111111e-1">4.166666666666666e-1 8.333333333333332e-2 0.000000000000000e0</k_point>
        <npw>4016</npw>
        <eigenvalues size="10">
          -4.519244161880272e-1 -4.030924063704719e-1 -3.085384456877269e-1 -2.749266424253846e-1 -2.545178058959967e-1
          -2.161777076740915e-1 -2.021094044044307e-1 -1.780413733865986e-1 -1.383924161341270e-1 -8.684539002451148e-2
          </eigenvalues>
        <occupations size="10">
          1.000000000000000e0 1.000000000000000e0 1.000000000000000e0 1.000000000000000e0 1.000000000000000e0
          1.000513303440847e0 1.057813119941939e0 1.085642308658770e-1 4.432010314303625e-13 0.000000000000000e0
          </occupations>
      </ks_energies>
      <ks_energies>
        <k_point weight="1.111111111111e-1">4.166666666666666e-1 2.500000000000000e-1 0.000000000000000e0</k_point>
        <npw>4019</npw>
        <eigenvalues size="10">
          -4.455937287501175e-1 -3.947372351638929e-1 -3.448955140477294e-1 -3.120982890752626e-1 -2.274243406866781e-1
          -1.816567957862657e-1 -1.690505070387794e-1 -1.540707304860497e-1 -1.331186297081485e-1 -1.183499833214858e-1
          </eigenvalues>
        <occupations size="10">
          1.000000000000000e0 1.000000000000000e0 1.000000000000000e0 1.000000000000000e0 1.000000551003378e0
          2.611744729211349e-1 4.225277959789054e-3 5.750934203296865e-7 1.276756478318930e-15 0.000000000000000e0
          </occupations>
      </ks_energies>
      <ks_energies>
        <k_point weight="1.111111111111e-1">4.166666666666666e-1 4.166666666666666e-1 0.000000000000000e0</k_point>
        <npw>4005</npw>
        <eigenvalues size="10">
          -4.367705854062129e-1 -3.818871532744049e-1 -3.664737974568413e-1 -3.451616754215189e-1 -2.119857260818335e-1
          -1.621639727556844e-1 -1.473032542326931e-1 -1.287145477522730e-1 -1.205055769836702e-1 -1.099473443604015e-1
          </eigenvalues>
        <occupations size="10">
          1.000000000000000e0 1.000000000000000e0 1.000000000000000e0 1.000000000000000e0 1.003345892791089e0
          1.220802780491081e-4 2.406586097070118e-9 0.000000000000000e0 0.000000000000000e0 0.000000000000000e0
          </occupations>
      </ks_energies>
      <ks_energies>
        <k_point weight="1.111111111111e-1">4.166666666666666e-1 -4.166666666666666e-1 0.000000000000000e0</k_point>
        <npw>4005</npw>
        <eigenvalues size="10">
          -4.367705795636618e-1 -3.818872860617520e-1 -3.664735823295002e-1 -3.451617632359502e-1 -2.119857305405616e-1
          -1.621640806320336e-1 -1.473030838514060e-1 -1.287146302317339e-1 -1.205051027447404e-1 -1.099475276216948e-1
          </eigenvalues>
        <occupations size="10">
          1.000000000000000e0 1.000000000000000e0 1.000000000000000e0 1.000000000000000e0 1.003345886788958e0
          1.220879451481749e-4 2.406226773388199e-9 0.000000000000000e0 0.000000000000000e0 0.000000000000000e0
          </occupations>
      </ks_energies>
      <ks_energies>
        <k_point weight="1.111111111111e-1">4.166666666666666e-1 -2.500000000000000e-1 0.000000000000000e0</k_point>
        <npw>4019</npw>
        <eigenvalues size="10">
          -4.455937226985986e-1 -3.947372777511836e-1 -3.448954073222246e-1 -3.120983622594407e-1 -2.274243627977686e-1
          -1.816568310350165e-1 -1.690504925472467e-1 -1.540707021766619e-1 -1.331185686424997e-1 -1.183499285148367e-1
          </eigenvalues>
        <occupations size="10">
          1.000000000000000e0 1.000000000000000e0 1.000000000000000e0 1.000000000000000e0 1.000000550994570e0
          2.611764071853797e-1 4.225250563659300e-3 5.750813391602883e-7 1.276756478318930e-15 0.000000000000000e0
          </occupations>
      </ks_energies>
      <ks_energies>
        <k_point weight="1.111111111111e-1">4.166666666666666e-1 -8.333333333333325e-2 0.000000000000000e0</k_point>
        <npw>4016</npw>
        <eigenvalues size="10">
          -4.519244137567771e-1 -4.030924159607307e-1 -3.085383641943249e-1 -2.749267598655179e-1 -2.545177865655039e-1
          -2.161776760426790e-1 -2.021094047978951e-1 -1.780413782556883e-1 -1.383924048784797e-1 -8.684574074645129e-2
          </eigenvalues>
        <occupations size="10">
          1.000000000000000e0 1.000000000000000e0 1.000000000000000e0 1.000000000000000e0 1.000000000000000e0
          1.000513311422430e0 1.057813116249568e0 1.085643767402349e-1 4.432010314303625e-13 0.000000000000000e0
          </occupations>
      </ks_energies>
    </band_structure>
    <forces rank="2" dims="3 5" order="F">
      0.000000000000000e0 0.000000000000000e0 0.000000000000000e0
      0.000000000000000e0 0.000000000000000e0 0.000000000000000e0
      0.000000000000000e0 0.000000000000000e0 0.000000000000000e0
      0.000000000000000e0 0.000000000000000e0 0.000000000000000e0
      0.000000000000000e0 0.000000000000000e0 -1.076001095200824e-3
      </forces>
  </output>
  <status>0</status>
  <timing_info>
    <total label="PWSCF">
      <cpu>2.583034580000001e2</cpu>
      <wall>3.472595999240875e2</wall>
    </total>
    <partial label="electrons" calls="38">
      <cpu>2.216169839999999e2</cpu>
      <wall>2.634537038803101e2</wall>
    </partial>
  </timing_info>
  <closed DATE="30 Dec 2020" TIME=" 7:49:48"></closed>
</qes:espresso>
