<?xml version="1.0" encoding="UTF-8"?>
<qes:espresso xsi:schemaLocation="http://www.quantum-espresso.org/ns/qes/qes-1.0 http://www.quantum-espresso.org/ns/qes/qes_030920.xsd" Units="Hartree atomic units" xmlns:xsi="http://www.w3.org/2001/XMLSchema-instance" xmlns:qes="http://www.quantum-espresso.org/ns/qes/qes-1.0">
  <!--All quantities are in Hartree atomic units unless otherwise specified-->
  <general_info>
    <xml_format NAME="QEXSD" VERSION="20.04.20">QEXSD_20.04.20</xml_format>
    <creator NAME="PWSCF" VERSION="6.7MaX">XML file generated by PWSCF</creator>
    <created DATE="30Dec2020" TIME=" 7:34:32">This run was terminated on:   7:34:32  30 Dec 2020</created>
    <job></job>
  </general_info>
  <parallel_info>
    <nprocs>12</nprocs>
    <nthreads>1</nthreads>
    <ntasks>1</ntasks>
    <nbgrp>1</nbgrp>
    <npool>1</npool>
    <ndiag>4</ndiag>
  </parallel_info>
  <input>
    <control_variables>
      <title></title>
      <calculation>scf</calculation>
      <restart_mode>from_scratch</restart_mode>
      <prefix>Al001+H_bc3</prefix>
      <pseudo_dir>/cluster-001-share/groups/otani-lab/Programs/q-e_g_esm/pseudo/</pseudo_dir>
      <outdir>/cluster-001-share/groups/otani-lab/Programs/q-e_g_esm/tempdir/</outdir>
      <stress>false</stress>
      <forces>false</forces>
      <wf_collect>true</wf_collect>
      <disk_io>low</disk_io>
      <max_seconds>10000000</max_seconds>
      <nstep>1</nstep>
      <etot_conv_thr>5.000000000000000e-5</etot_conv_thr>
      <forc_conv_thr>5.000000000000000e-4</forc_conv_thr>
      <press_conv_thr>5.000000000000000e-1</press_conv_thr>
      <verbosity>low</verbosity>
      <print_every>100000</print_every>
    </control_variables>
    <atomic_species ntyp="2">
      <species name="Al">
        <mass>2.698153800000000e1</mass>
        <pseudo_file>Al.pbe-n-van.UPF</pseudo_file>
      </species>
      <species name="H">
        <mass>1.007940000000000e0</mass>
        <pseudo_file>H.pbe-van_ak.UPF</pseudo_file>
      </species>
    </atomic_species>
    <atomic_structure nat="5" alat="1.082227686000e1">
      <atomic_positions>
        <atom name="Al" index="1">0.000000000000000e0 0.000000000000000e0 0.000000000000000e0</atom>
        <atom name="Al" index="2">5.411138430000000e0 0.000000000000000e0 0.000000000000000e0</atom>
        <atom name="Al" index="3">0.000000000000000e0 5.411138430000000e0 0.000000000000000e0</atom>
        <atom name="Al" index="4">5.411138430000000e0 5.411138430000000e0 0.000000000000000e0</atom>
        <atom name="H" index="5">5.411138430000000e0 5.411138430000000e0 3.110553670000000e0</atom>
      </atomic_positions>
      <cell>
        <a1>1.082227686000000e1 0.000000000000000e0 0.000000000000000e0</a1>
        <a2>0.000000000000000e0 1.082227686000000e1 0.000000000000000e0</a2>
        <a3>0.000000000000000e0 0.000000000000000e0 2.267672253000000e1</a3>
      </cell>
    </atomic_structure>
    <dft>
      <functional>PBE</functional>
    </dft>
    <spin>
      <lsda>false</lsda>
      <noncolin>false</noncolin>
      <spinorbit>false</spinorbit>
    </spin>
    <bands>
      <smearing degauss="1.000000000000e-2">mv</smearing>
      <tot_charge>0.000000000000000e0</tot_charge>
      <occupations>smearing</occupations>
    </bands>
    <basis>
      <gamma_only>false</gamma_only>
      <ecutwfc>1.000000000000000e1</ecutwfc>
      <ecutrho>4.000000000000000e1</ecutrho>
    </basis>
    <electron_control>
      <diagonalization>davidson</diagonalization>
      <mixing_mode>plain</mixing_mode>
      <mixing_beta>3.000000000000000e-1</mixing_beta>
      <conv_thr>5.000000000000000e-7</conv_thr>
      <mixing_ndim>8</mixing_ndim>
      <max_nstep>100</max_nstep>
      <real_space_q>false</real_space_q>
      <real_space_beta>false</real_space_beta>
      <tq_smoothing>false</tq_smoothing>
      <tbeta_smoothing>false</tbeta_smoothing>
      <diago_thr_init>0.000000000000000e0</diago_thr_init>
      <diago_full_acc>false</diago_full_acc>
      <diago_cg_maxiter>20</diago_cg_maxiter>
      <diago_ppcg_maxiter>20</diago_ppcg_maxiter>
    </electron_control>
    <k_points_IBZ>
      <monkhorst_pack nk1="6" nk2="6" nk3="1" k1="1" k2="1" k3="0">Uniform grid with offset</monkhorst_pack>
    </k_points_IBZ>
    <ion_control>
      <ion_dynamics>none</ion_dynamics>
      <upscale>1.000000000000000e2</upscale>
      <remove_rigid_rot>false</remove_rigid_rot>
      <refold_pos>false</refold_pos>
    </ion_control>
    <cell_control>
      <cell_dynamics>none</cell_dynamics>
      <pressure>0.000000000000000e0</pressure>
      <wmass>1.089340920000000e2</wmass>
      <cell_factor>0.000000000000000e0</cell_factor>
      <fix_volume>false</fix_volume>
      <fix_area>false</fix_area>
      <isotropic>false</isotropic>
    </cell_control>
    <symmetry_flags>
      <nosym>true</nosym>
      <nosym_evc>false</nosym_evc>
      <noinv>false</noinv>
      <no_t_rev>false</no_t_rev>
      <force_symmorphic>false</force_symmorphic>
      <use_all_frac>false</use_all_frac>
    </symmetry_flags>
    <boundary_conditions>
      <assume_isolated>esm</assume_isolated>
      <esm>
        <bc>bc3</bc>
        <nfit>4</nfit>
        <w>0.000000000000000e0</w>
        <efield>0.000000000000000e0</efield>
      </esm>
      <fcp>false</fcp>
      <fcp_mu>1.000000000000006e99</fcp_mu>
    </boundary_conditions>
  </input>
  <output>
    <convergence_info>
      <scf_conv>
        <convergence_achieved>true</convergence_achieved>
        <n_scf_steps>14</n_scf_steps>
        <scf_error>1.009708663042181e-7</scf_error>
      </scf_conv>
    </convergence_info>
    <algorithmic_info>
      <real_space_q>false</real_space_q>
      <real_space_beta>false</real_space_beta>
      <uspp>true</uspp>
      <paw>false</paw>
    </algorithmic_info>
    <atomic_species ntyp="2" pseudo_dir="/cluster-001-share/groups/otani-lab/Programs/q-e_g_esm/pseudo/">
      <species name="Al">
        <mass>2.698153800000000e1</mass>
        <pseudo_file>Al.pbe-n-van.UPF</pseudo_file>
      </species>
      <species name="H">
        <mass>1.007940000000000e0</mass>
        <pseudo_file>H.pbe-van_ak.UPF</pseudo_file>
      </species>
    </atomic_species>
    <atomic_structure nat="5" alat="1.082227686000e1">
      <atomic_positions>
        <atom name="Al" index="1">0.000000000000000e0 0.000000000000000e0 0.000000000000000e0</atom>
        <atom name="Al" index="2">5.411138430000000e0 0.000000000000000e0 0.000000000000000e0</atom>
        <atom name="Al" index="3">0.000000000000000e0 5.411138430000000e0 0.000000000000000e0</atom>
        <atom name="Al" index="4">5.411138430000000e0 5.411138430000000e0 0.000000000000000e0</atom>
        <atom name="H" index="5">5.411138430000000e0 5.411138430000000e0 3.110553670000000e0</atom>
      </atomic_positions>
      <cell>
        <a1>1.082227686000000e1 0.000000000000000e0 0.000000000000000e0</a1>
        <a2>0.000000000000000e0 1.082227686000000e1 0.000000000000000e0</a2>
        <a3>0.000000000000000e0 0.000000000000000e0 2.267672253000000e1</a3>
      </cell>
    </atomic_structure>
    <symmetries>
      <nsym>1</nsym>
      <nrot>16</nrot>
      <space_group>0</space_group>
      <symmetry>
        <info name="identity">crystal_symmetry</info>
        <rotation rank="2" dims="3 3" order="F">
          1.000000000000000e0 0.000000000000000e0 0.000000000000000e0
          0.000000000000000e0 1.000000000000000e0 0.000000000000000e0
          0.000000000000000e0 0.000000000000000e0 1.000000000000000e0
          </rotation>
        <fractional_translation>0.000000000000000e0 0.000000000000000e0 0.000000000000000e0</fractional_translation>
        <equivalent_atoms nat="5" size="5">
          1 2 3 4 5
          </equivalent_atoms>
      </symmetry>
      <symmetry>
        <info name="180 deg rotation - cart. axis [0,0,1]">lattice_symmetry</info>
        <rotation rank="2" dims="3 3" order="F">
          -1.000000000000000e0 0.000000000000000e0 0.000000000000000e0
          0.000000000000000e0 -1.000000000000000e0 0.000000000000000e0
          0.000000000000000e0 0.000000000000000e0 1.000000000000000e0
          </rotation>
      </symmetry>
      <symmetry>
        <info name=" 90 deg rotation - cart. axis [0,0,-1]">lattice_symmetry</info>
        <rotation rank="2" dims="3 3" order="F">
          0.000000000000000e0 1.000000000000000e0 0.000000000000000e0
          -1.000000000000000e0 0.000000000000000e0 0.000000000000000e0
          0.000000000000000e0 0.000000000000000e0 1.000000000000000e0
          </rotation>
      </symmetry>
      <symmetry>
        <info name=" 90 deg rotation - cart. axis [0,0,1]">lattice_symmetry</info>
        <rotation rank="2" dims="3 3" order="F">
          0.000000000000000e0 -1.000000000000000e0 0.000000000000000e0
          1.000000000000000e0 0.000000000000000e0 0.000000000000000e0
          0.000000000000000e0 0.000000000000000e0 1.000000000000000e0
          </rotation>
      </symmetry>
      <symmetry>
        <info name="inv. 180 deg rotation - cart. axis [0,1,0]">lattice_symmetry</info>
        <rotation rank="2" dims="3 3" order="F">
          1.000000000000000e0 0.000000000000000e0 0.000000000000000e0
          0.000000000000000e0 -1.000000000000000e0 0.000000000000000e0
          0.000000000000000e0 0.000000000000000e0 1.000000000000000e0
          </rotation>
      </symmetry>
      <symmetry>
        <info name="inv. 180 deg rotation - cart. axis [1,0,0]">lattice_symmetry</info>
        <rotation rank="2" dims="3 3" order="F">
          -1.000000000000000e0 0.000000000000000e0 0.000000000000000e0
          0.000000000000000e0 1.000000000000000e0 0.000000000000000e0
          0.000000000000000e0 0.000000000000000e0 1.000000000000000e0
          </rotation>
      </symmetry>
      <symmetry>
        <info name="inv. 180 deg rotation - cart. axis [1,1,0]">lattice_symmetry</info>
        <rotation rank="2" dims="3 3" order="F">
          0.000000000000000e0 -1.000000000000000e0 0.000000000000000e0
          -1.000000000000000e0 0.000000000000000e0 0.000000000000000e0
          0.000000000000000e0 0.000000000000000e0 1.000000000000000e0
          </rotation>
      </symmetry>
      <symmetry>
        <info name="inv. 180 deg rotation - cart. axis [1,-1,0]">lattice_symmetry</info>
        <rotation rank="2" dims="3 3" order="F">
          0.000000000000000e0 1.000000000000000e0 0.000000000000000e0
          1.000000000000000e0 0.000000000000000e0 0.000000000000000e0
          0.000000000000000e0 0.000000000000000e0 1.000000000000000e0
          </rotation>
      </symmetry>
      <symmetry>
        <info name="inversion">lattice_symmetry</info>
        <rotation rank="2" dims="3 3" order="F">
          -1.000000000000000e0 0.000000000000000e0 0.000000000000000e0
          0.000000000000000e0 -1.000000000000000e0 0.000000000000000e0
          0.000000000000000e0 0.000000000000000e0 -1.000000000000000e0
          </rotation>
      </symmetry>
      <symmetry>
        <info name="inv. 180 deg rotation - cart. axis [0,0,1]">lattice_symmetry</info>
        <rotation rank="2" dims="3 3" order="F">
          1.000000000000000e0 0.000000000000000e0 0.000000000000000e0
          0.000000000000000e0 1.000000000000000e0 0.000000000000000e0
          0.000000000000000e0 0.000000000000000e0 -1.000000000000000e0
          </rotation>
      </symmetry>
      <symmetry>
        <info name="180 deg rotation - cart. axis [1,1,0]">lattice_symmetry</info>
        <rotation rank="2" dims="3 3" order="F">
          0.000000000000000e0 1.000000000000000e0 0.000000000000000e0
          1.000000000000000e0 0.000000000000000e0 0.000000000000000e0
          0.000000000000000e0 0.000000000000000e0 -1.000000000000000e0
          </rotation>
      </symmetry>
      <symmetry>
        <info name="180 deg rotation - cart. axis [1,-1,0]">lattice_symmetry</info>
        <rotation rank="2" dims="3 3" order="F">
          0.000000000000000e0 -1.000000000000000e0 0.000000000000000e0
          -1.000000000000000e0 0.000000000000000e0 0.000000000000000e0
          0.000000000000000e0 0.000000000000000e0 -1.000000000000000e0
          </rotation>
      </symmetry>
      <symmetry>
        <info name="180 deg rotation - cart. axis [0,1,0]">lattice_symmetry</info>
        <rotation rank="2" dims="3 3" order="F">
          -1.000000000000000e0 0.000000000000000e0 0.000000000000000e0
          0.000000000000000e0 1.000000000000000e0 0.000000000000000e0
          0.000000000000000e0 0.000000000000000e0 -1.000000000000000e0
          </rotation>
      </symmetry>
      <symmetry>
        <info name="180 deg rotation - cart. axis [1,0,0]">lattice_symmetry</info>
        <rotation rank="2" dims="3 3" order="F">
          1.000000000000000e0 0.000000000000000e0 0.000000000000000e0
          0.000000000000000e0 -1.000000000000000e0 0.000000000000000e0
          0.000000000000000e0 0.000000000000000e0 -1.000000000000000e0
          </rotation>
      </symmetry>
      <symmetry>
        <info name="inv.  90 deg rotation - cart. axis [0,0,-1]">lattice_symmetry</info>
        <rotation rank="2" dims="3 3" order="F">
          0.000000000000000e0 -1.000000000000000e0 0.000000000000000e0
          1.000000000000000e0 0.000000000000000e0 0.000000000000000e0
          0.000000000000000e0 0.000000000000000e0 -1.000000000000000e0
          </rotation>
      </symmetry>
      <symmetry>
        <info name="inv.  90 deg rotation - cart. axis [0,0,1]">lattice_symmetry</info>
        <rotation rank="2" dims="3 3" order="F">
          0.000000000000000e0 1.000000000000000e0 0.000000000000000e0
          -1.000000000000000e0 0.000000000000000e0 0.000000000000000e0
          0.000000000000000e0 0.000000000000000e0 -1.000000000000000e0
          </rotation>
      </symmetry>
    </symmetries>
    <basis_set>
      <gamma_only>false</gamma_only>
      <ecutwfc>1.000000000000000e1</ecutwfc>
      <ecutrho>4.000000000000000e1</ecutrho>
      <fft_grid nr1="32" nr2="32" nr3="72"></fft_grid>
      <fft_smooth nr1="32" nr2="32" nr3="72"></fft_smooth>
      <fft_box nr1="32" nr2="32" nr3="72"></fft_box>
      <ngm>32157</ngm>
      <ngms>32157</ngms>
      <npwx>4019</npwx>
      <reciprocal_lattice>
        <b1>1.000000000000000e0 0.000000000000000e0 0.000000000000000e0</b1>
        <b2>0.000000000000000e0 1.000000000000000e0 0.000000000000000e0</b2>
        <b3>0.000000000000000e0 0.000000000000000e0 4.772416668979721e-1</b3>
      </reciprocal_lattice>
    </basis_set>
    <dft>
      <functional>PBE</functional>
    </dft>
    <boundary_conditions>
      <assume_isolated>esm</assume_isolated>
    </boundary_conditions>
    <magnetization>
      <lsda>false</lsda>
      <noncolin>false</noncolin>
      <spinorbit>false</spinorbit>
      <total>0.000000000000000e0</total>
      <absolute>0.000000000000000e0</absolute>
    </magnetization>
    <total_energy>
      <etot>-2.533178293152540e1</etot>
      <eband>-3.721823117160358e0</eband>
      <ehart>9.145911131449115e1</ehart>
      <vtxc>-4.291915429091048e0</vtxc>
      <etxc>-1.998115129528133e1</etxc>
      <ewald>8.554154971688934e1</ewald>
      <demet>-5.049361255080617e-4</demet>
    </total_energy>
    <band_structure>
      <lsda>false</lsda>
      <noncolin>false</noncolin>
      <spinorbit>false</spinorbit>
      <nbnd>11</nbnd>
      <nelec>1.300000000000000e1</nelec>
      <num_of_atomic_wfc>17</num_of_atomic_wfc>
      <wf_collected>true</wf_collected>
      <fermi_energy>-1.653481260654747e-1</fermi_energy>
      <starting_k_points>
        <monkhorst_pack nk1="6" nk2="6" nk3="1" k1="1" k2="1" k3="0">Uniform grid with offset</monkhorst_pack>
      </starting_k_points>
      <nks>18</nks>
      <occupations_kind>smearing</occupations_kind>
      <smearing degauss="1.000000000000e-2">mv</smearing>
      <ks_energies>
        <k_point weight="1.111111111111e-1">8.333333333333332e-2 8.333333333333332e-2 0.000000000000000e0</k_point>
        <npw>3999</npw>
        <eigenvalues size="11">
          -4.329938859899630e-1 -3.237234242923520e-1 -2.971276995916448e-1 -2.525232885966683e-1 -2.332834180367174e-1
          -2.254838335668934e-1 -1.766791756544479e-1 -1.499328721942641e-1 -1.353251623770274e-1 -8.690497707156519e-2
          -8.673015921925998e-2
          </eigenvalues>
        <occupations size="11">
          1.000000000000000e0 1.000000000000000e0 1.000000000000000e0 1.000000000000000e0 1.000000000000000e0
          1.000000000000205e0 1.059297123441394e0 3.277035551138119e-3 4.996180174021703e-7 0.000000000000000e0
          0.000000000000000e0
          </occupations>
      </ks_energies>
      <ks_energies>
        <k_point weight="1.111111111111e-1">8.333333333333332e-2 2.500000000000000e-1 0.000000000000000e0</k_point>
        <npw>4011</npw>
        <eigenvalues size="11">
          -4.241653580325994e-1 -3.480329823442561e-1 -3.019645073331835e-1 -2.522902237625359e-1 -2.222625659215543e-1
          -2.045935465095229e-1 -1.780451706035787e-1 -1.598947653981661e-1 -1.488672030983174e-1 -1.009847849807876e-1
          -5.979309857824243e-2
          </eigenvalues>
        <occupations size="11">
          1.000000000000000e0 1.000000000000000e0 1.000000000000000e0 1.000000000000000e0 1.000000000005577e0
          1.000010058676600e0 1.077579942534451e0 1.213751345805398e-1 1.988643471529827e-3 0.000000000000000e0
          0.000000000000000e0
          </occupations>
      </ks_energies>
      <ks_energies>
        <k_point weight="1.111111111111e-1">8.333333333333332e-2 4.166666666666666e-1 0.000000000000000e0</k_point>
        <npw>4016</npw>
        <eigenvalues size="11">
          -4.069849836037746e-1 -3.796950799821826e-1 -2.927073448793452e-1 -2.568143179469609e-1 -2.215946282725237e-1
          -2.054559093943857e-1 -1.827778994542404e-1 -1.670658363317461e-1 -1.161259679317977e-1 -9.787610990509659e-2
          -5.201985220306366e-2
          </eigenvalues>
        <occupations size="11">
          1.000000000000000e0 1.000000000000000e0 1.000000000000000e0 1.000000000000000e0 1.000000000010782e0
          1.000005768911786e0 1.064958553934897e0 5.240365724496203e-1 7.771561172376096e-15 0.000000000000000e0
          0.000000000000000e0
          </occupations>
      </ks_energies>
      <ks_energies>
        <k_point weight="1.111111111111e-1">8.333333333333332e-2 -4.166666666666666e-1 0.000000000000000e0</k_point>
        <npw>4016</npw>
        <eigenvalues size="11">
          -4.069849894550546e-1 -3.796950846191516e-1 -2.927073857652842e-1 -2.568142554137726e-1 -2.215946757814802e-1
          -2.054559248482151e-1 -1.827778957879072e-1 -1.670658233686227e-1 -1.161248022321392e-1 -9.787141203576095e-2
          -5.180825589278855e-2
          </eigenvalues>
        <occupations size="11">
          1.000000000000000e0 1.000000000000000e0 1.000000000000000e0 1.000000000000000e0 1.000000000010782e0
          1.000005768853525e0 1.064958586823530e0 5.240356075904188e-1 7.771561172376096e-15 0.000000000000000e0
          0.000000000000000e0
          </occupations>
      </ks_energies>
      <ks_energies>
        <k_point weight="1.111111111111e-1">8.333333333333332e-2 -2.500000000000000e-1 0.000000000000000e0</k_point>
        <npw>4011</npw>
        <eigenvalues size="11">
          -4.241653629525191e-1 -3.480329482116874e-1 -3.019645608361559e-1 -2.522900843893983e-1 -2.222626568499873e-1
          -2.045935524850232e-1 -1.780452037719371e-1 -1.598947365919187e-1 -1.488710358893960e-1 -1.009870491643803e-1
          -5.990446104438119e-2
          </eigenvalues>
        <occupations size="11">
          1.000000000000000e0 1.000000000000000e0 1.000000000000000e0 1.000000000000000e0 1.000000000005576e0
          1.000010058638381e0 1.077580221205757e0 1.213741962804500e-1 1.992298185310382e-3 0.000000000000000e0
          0.000000000000000e0
          </occupations>
      </ks_energies>
      <ks_energies>
        <k_point weight="1.111111111111e-1">8.333333333333332e-2 -8.333333333333325e-2 0.000000000000000e0</k_point>
        <npw>3999</npw>
        <eigenvalues size="11">
          -4.329938741447300e-1 -3.237233913389885e-1 -2.971277779372283e-1 -2.525230503494490e-1 -2.332837572775464e-1
          -2.254836772453927e-1 -1.766791880740080e-1 -1.499331288225668e-1 -1.353163250284657e-1 -8.690356339866323e-2
          -8.673427245896720e-2
          </eigenvalues>
        <occupations size="11">
          1.000000000000000e0 1.000000000000000e0 1.000000000000000e0 1.000000000000000e0 1.000000000000000e0
          1.000000000000205e0 1.059297355771704e0 3.277421020996763e-3 4.963354613418680e-7 0.000000000000000e0
          0.000000000000000e0
          </occupations>
      </ks_energies>
      <ks_energies>
        <k_point weight="1.111111111111e-1">2.500000000000000e-1 8.333333333333332e-2 0.000000000000000e0</k_point>
        <npw>4011</npw>
        <eigenvalues size="11">
          -4.241653702102878e-1 -3.480329314999086e-1 -3.019645750976136e-1 -2.522901729141443e-1 -2.222626572697872e-1
          -2.045934905661293e-1 -1.780450555153345e-1 -1.598948324580553e-1 -1.488703082591710e-1 -1.009845321837108e-1
          -5.986816959007559e-2
          </eigenvalues>
        <occupations size="11">
          1.000000000000000e0 1.000000000000000e0 1.000000000000000e0 1.000000000000000e0 1.000000000005576e0
          1.000010059034414e0 1.077578975537422e0 1.213773189296833e-1 1.991603889626658e-3 0.000000000000000e0
          0.000000000000000e0
          </occupations>
      </ks_energies>
      <ks_energies>
        <k_point weight="1.111111111111e-1">2.500000000000000e-1 2.500000000000000e-1 0.000000000000000e0</k_point>
        <npw>4007</npw>
        <eigenvalues size="11">
          -4.153973803374813e-1 -3.458028484042792e-1 -3.294354291118006e-1 -2.686535409701319e-1 -2.277439796260436e-1
          -1.724930838725677e-1 -1.677959009865997e-1 -1.517511709433929e-1 -1.184865223552184e-1 -1.125148149254121e-1
          -7.372536567369025e-2
          </eigenvalues>
        <occupations size="11">
          1.000000000000000e0 1.000000000000000e0 1.000000000000000e0 1.000000000000000e0 1.000000000000018e0
          9.030892205155435e-1 5.787763726201737e-1 7.302547802485737e-3 1.049715869783086e-13 1.110223024625157e-16
          0.000000000000000e0
          </occupations>
      </ks_energies>
      <ks_energies>
        <k_point weight="1.111111111111e-1">2.500000000000000e-1 4.166666666666666e-1 0.000000000000000e0</k_point>
        <npw>4019</npw>
        <eigenvalues size="11">
          -3.984334826712378e-1 -3.712095698710325e-1 -3.210879878250478e-1 -2.934198008495774e-1 -2.308892204143296e-1
          -1.614227930685774e-1 -1.507324898479182e-1 -1.309332034348673e-1 -1.178348118309227e-1 -9.948636768495149e-2
          -8.218458525311235e-2
          </eigenvalues>
        <occupations size="11">
          1.000000000000000e0 1.000000000000000e0 1.000000000000000e0 1.000000000000000e0 1.000000000000000e0
          1.790157643845092e-1 4.698374170404584e-3 1.559456852540109e-8 5.173639294753229e-14 0.000000000000000e0
          0.000000000000000e0
          </occupations>
      </ks_energies>
      <ks_energies>
        <k_point weight="1.111111111111e-1">2.500000000000000e-1 -4.166666666666666e-1 0.000000000000000e0</k_point>
        <npw>4019</npw>
        <eigenvalues size="11">
          -3.984335033933836e-1 -3.712095343630954e-1 -3.210880652299225e-1 -2.934197459017884e-1 -2.308892204423728e-1
          -1.614227872794402e-1 -1.507326144979908e-1 -1.309445564731690e-1 -1.178356018122124e-1 -9.948713504111590e-2
          -8.217287968033526e-2
          </eigenvalues>
        <occupations size="11">
          1.000000000000000e0 1.000000000000000e0 1.000000000000000e0 1.000000000000000e0 1.000000000000000e0
          1.790155153276468e-1 4.698633501533989e-3 1.574272240345564e-8 5.179190409876355e-14 0.000000000000000e0
          0.000000000000000e0
          </occupations>
      </ks_energies>
      <ks_energies>
        <k_point weight="1.111111111111e-1">2.500000000000000e-1 -2.500000000000000e-1 0.000000000000000e0</k_point>
        <npw>4007</npw>
        <eigenvalues size="11">
          -4.153973709903002e-1 -3.458027326243502e-1 -3.294355860341921e-1 -2.686534497817003e-1 -2.277439790898934e-1
          -1.724929312446997e-1 -1.677961713988760e-1 -1.517537265171440e-1 -1.184926491858982e-1 -1.125223959045202e-1
          -7.373093901762382e-2
          </eigenvalues>
        <occupations size="11">
          1.000000000000000e0 1.000000000000000e0 1.000000000000000e0 1.000000000000000e0 1.000000000000018e0
          9.030806997643495e-1 5.787967483709751e-1 7.310446702832706e-3 1.056932319443149e-13 1.110223024625157e-16
          0.000000000000000e0
          </occupations>
      </ks_energies>
      <ks_energies>
        <k_point weight="1.111111111111e-1">2.500000000000000e-1 -8.333333333333325e-2 0.000000000000000e0</k_point>
        <npw>4011</npw>
        <eigenvalues size="11">
          -4.241653679185276e-1 -3.480329004456894e-1 -3.019646410382313e-1 -2.522900490654616e-1 -2.222627318207358e-1
          -2.045934930686077e-1 -1.780451048488083e-1 -1.598947915982104e-1 -1.488707981541244e-1 -1.009866438076701e-1
          -5.985768433862747e-2
          </eigenvalues>
        <occupations size="11">
          1.000000000000000e0 1.000000000000000e0 1.000000000000000e0 1.000000000000000e0 1.000000000005576e0
          1.000010059018408e0 1.077579390059207e0 1.213759879939876e-1 1.992071316924748e-3 0.000000000000000e0
          0.000000000000000e0
          </occupations>
      </ks_energies>
      <ks_energies>
        <k_point weight="1.111111111111e-1">4.166666666666666e-1 8.333333333333332e-2 0.000000000000000e0</k_point>
        <npw>4016</npw>
        <eigenvalues size="11">
          -4.069850520682320e-1 -3.796949650147117e-1 -2.927075429743461e-1 -2.568140192329105e-1 -2.215948597903124e-1
          -2.054557791575960e-1 -1.827780904689398e-1 -1.670656518272706e-1 -1.161260604428202e-1 -9.787875573943337e-2
          -5.202301278131547e-2
          </eigenvalues>
        <occupations size="11">
          1.000000000000000e0 1.000000000000000e0 1.000000000000000e0 1.000000000000000e0 1.000000000010780e0
          1.000005769402800e0 1.064956840432262e0 5.240228396146039e-1 7.771561172376096e-15 0.000000000000000e0
          0.000000000000000e0
          </occupations>
      </ks_energies>
      <ks_energies>
        <k_point weight="1.111111111111e-1">4.166666666666666e-1 2.500000000000000e-1 0.000000000000000e0</k_point>
        <npw>4019</npw>
        <eigenvalues size="11">
          -3.984335441760853e-1 -3.712094258028086e-1 -3.210882012205579e-1 -2.934196338256671e-1 -2.308892937759616e-1
          -1.614226724298199e-1 -1.507315958747425e-1 -1.309434151976468e-1 -1.178340447098755e-1 -9.948546596435204e-2
          -8.217010065026255e-2
          </eigenvalues>
        <occupations size="11">
          1.000000000000000e0 1.000000000000000e0 1.000000000000000e0 1.000000000000000e0 1.000000000000000e0
          1.790105743837720e-1 4.696514661091777e-3 1.572776753278049e-8 5.168088179630104e-14 0.000000000000000e0
          0.000000000000000e0
          </occupations>
      </ks_energies>
      <ks_energies>
        <k_point weight="1.111111111111e-1">4.166666666666666e-1 4.166666666666666e-1 0.000000000000000e0</k_point>
        <npw>4005</npw>
        <eigenvalues size="11">
          -3.824217091177355e-1 -3.589347169813669e-1 -3.467844366263594e-1 -3.256357536859402e-1 -2.305335200478685e-1
          -1.473279457702195e-1 -1.281797221737414e-1 -1.118327880235341e-1 -8.988451019882964e-2 -8.786283996270422e-2
          -8.362074102191219e-2
          </eigenvalues>
        <occupations size="11">
          1.000000000000000e0 1.000000000000000e0 1.000000000000000e0 1.000000000000000e0 1.000000000000001e0
          9.294924692141437e-4 1.459380227775142e-9 5.551115123125783e-17 0.000000000000000e0 0.000000000000000e0
          0.000000000000000e0
          </occupations>
      </ks_energies>
      <ks_energies>
        <k_point weight="1.111111111111e-1">4.166666666666666e-1 -4.166666666666666e-1 0.000000000000000e0</k_point>
        <npw>4005</npw>
        <eigenvalues size="11">
          -3.824217386239988e-1 -3.589345765150811e-1 -3.467846092876257e-1 -3.256356916997304e-1 -2.305335171120352e-1
          -1.473269174545578e-1 -1.281825255435377e-1 -1.118346686554560e-1 -8.987682671212809e-2 -8.786914474048473e-2
          -8.362881835159772e-2
          </eigenvalues>
        <occupations size="11">
          1.000000000000000e0 1.000000000000000e0 1.000000000000000e0 1.000000000000000e0 1.000000000000001e0
          9.290059300905982e-4 1.463016319203092e-9 5.551115123125783e-17 0.000000000000000e0 0.000000000000000e0
          0.000000000000000e0
          </occupations>
      </ks_energies>
      <ks_energies>
        <k_point weight="1.111111111111e-1">4.166666666666666e-1 -2.500000000000000e-1 0.000000000000000e0</k_point>
        <npw>4019</npw>
        <eigenvalues size="11">
          -3.984335525537547e-1 -3.712094132413867e-1 -3.210882591541655e-1 -2.934195665348004e-1 -2.308892934931863e-1
          -1.614226682121938e-1 -1.507298343337040e-1 -1.309315326838028e-1 -1.178336077616325e-1 -9.948398312364379e-2
          -8.217348689884380e-2
          </eigenvalues>
        <occupations size="11">
          1.000000000000000e0 1.000000000000000e0 1.000000000000000e0 1.000000000000000e0 1.000000000000000e0
          1.790103929391185e-1 4.692852507356793e-3 1.557288037412619e-8 5.168088179630104e-14 0.000000000000000e0
          0.000000000000000e0
          </occupations>
      </ks_energies>
      <ks_energies>
        <k_point weight="1.111111111111e-1">4.166666666666666e-1 -8.333333333333325e-2 0.000000000000000e0</k_point>
        <npw>4016</npw>
        <eigenvalues size="11">
          -4.069850545313149e-1 -3.796949718968247e-1 -2.927075775415608e-1 -2.568139479820704e-1 -2.215948707818792e-1
          -2.054558063858203e-1 -1.827780819457741e-1 -1.670656383086452e-1 -1.161248595728657e-1 -9.787188822502648e-2
          -5.183036971188947e-2
          </eigenvalues>
        <occupations size="11">
          1.000000000000000e0 1.000000000000000e0 1.000000000000000e0 1.000000000000000e0 1.000000000010779e0
          1.000005769300142e0 1.064956916890232e0 5.240218334137317e-1 7.771561172376096e-15 0.000000000000000e0
          0.000000000000000e0
          </occupations>
      </ks_energies>
    </band_structure>
  </output>
  <status>0</status>
  <timing_info>
    <total label="PWSCF">
      <cpu>1.400778200000000e1</cpu>
      <wall>1.843103003501892e1</wall>
    </total>
    <partial label="electrons" calls="1">
      <cpu>1.347348200000000e1</cpu>
      <wall>1.710340690612793e1</wall>
    </partial>
  </timing_info>
  <closed DATE="30 Dec 2020" TIME=" 7:34:32"></closed>
</qes:espresso>
