<?xml version="1.0" encoding="UTF-8"?>
<qes:espresso xsi:schemaLocation="http://www.quantum-espresso.org/ns/qes/qes-1.0 http://www.quantum-espresso.org/ns/qes/qes_030920.xsd" Units="Hartree atomic units" xmlns:xsi="http://www.w3.org/2001/XMLSchema-instance" xmlns:qes="http://www.quantum-espresso.org/ns/qes/qes-1.0">
  <!--All quantities are in Hartree atomic units unless otherwise specified-->
  <general_info>
    <xml_format NAME="QEXSD" VERSION="20.04.20">QEXSD_20.04.20</xml_format>
    <creator NAME="PWSCF" VERSION="6.7MaX">XML file generated by PWSCF</creator>
    <created DATE="30Dec2020" TIME=" 8: 0: 2">This run was terminated on:   8: 0: 2  30 Dec 2020</created>
    <job></job>
  </general_info>
  <parallel_info>
    <nprocs>12</nprocs>
    <nthreads>1</nthreads>
    <ntasks>1</ntasks>
    <nbgrp>1</nbgrp>
    <npool>1</npool>
    <ndiag>4</ndiag>
  </parallel_info>
  <input>
    <control_variables>
      <title></title>
      <calculation>scf</calculation>
      <restart_mode>from_scratch</restart_mode>
      <prefix>Al001+H_GCSCF_vm05</prefix>
      <pseudo_dir>/cluster-001-share/groups/otani-lab/Programs/q-e_g_esm/pseudo/</pseudo_dir>
      <outdir>/cluster-001-share/groups/otani-lab/Programs/q-e_g_esm/tempdir/</outdir>
      <stress>false</stress>
      <forces>false</forces>
      <wf_collect>true</wf_collect>
      <disk_io>low</disk_io>
      <max_seconds>10000000</max_seconds>
      <nstep>1</nstep>
      <etot_conv_thr>5.000000000000000e-5</etot_conv_thr>
      <forc_conv_thr>5.000000000000000e-4</forc_conv_thr>
      <press_conv_thr>5.000000000000000e-1</press_conv_thr>
      <verbosity>low</verbosity>
      <print_every>100000</print_every>
    </control_variables>
    <atomic_species ntyp="2">
      <species name="Al">
        <mass>2.698153800000000e1</mass>
        <pseudo_file>Al.pbe-n-van.UPF</pseudo_file>
      </species>
      <species name="H">
        <mass>1.007940000000000e0</mass>
        <pseudo_file>H.pbe-van_ak.UPF</pseudo_file>
      </species>
    </atomic_species>
    <atomic_structure nat="5" alat="1.082227686000e1">
      <atomic_positions>
        <atom name="Al" index="1">0.000000000000000e0 0.000000000000000e0 0.000000000000000e0</atom>
        <atom name="Al" index="2">5.411138430000000e0 0.000000000000000e0 0.000000000000000e0</atom>
        <atom name="Al" index="3">0.000000000000000e0 5.411138430000000e0 0.000000000000000e0</atom>
        <atom name="Al" index="4">5.411138430000000e0 5.411138430000000e0 0.000000000000000e0</atom>
        <atom name="H" index="5">5.411138430000000e0 5.411138430000000e0 3.110553670000000e0</atom>
      </atomic_positions>
      <cell>
        <a1>1.082227686000000e1 0.000000000000000e0 0.000000000000000e0</a1>
        <a2>0.000000000000000e0 1.082227686000000e1 0.000000000000000e0</a2>
        <a3>0.000000000000000e0 0.000000000000000e0 2.267672253000000e1</a3>
      </cell>
    </atomic_structure>
    <dft>
      <functional>PBE</functional>
    </dft>
    <spin>
      <lsda>false</lsda>
      <noncolin>false</noncolin>
      <spinorbit>false</spinorbit>
    </spin>
    <bands>
      <smearing degauss="1.000000000000e-2">mv</smearing>
      <tot_charge>0.000000000000000e0</tot_charge>
      <occupations>smearing</occupations>
    </bands>
    <basis>
      <gamma_only>false</gamma_only>
      <ecutwfc>1.000000000000000e1</ecutwfc>
      <ecutrho>4.000000000000000e1</ecutrho>
    </basis>
    <electron_control>
      <diagonalization>davidson</diagonalization>
      <mixing_mode>plain</mixing_mode>
      <mixing_beta>1.000000000000000e-1</mixing_beta>
      <conv_thr>5.000000000000000e-7</conv_thr>
      <mixing_ndim>8</mixing_ndim>
      <max_nstep>100</max_nstep>
      <real_space_q>false</real_space_q>
      <real_space_beta>false</real_space_beta>
      <tq_smoothing>false</tq_smoothing>
      <tbeta_smoothing>false</tbeta_smoothing>
      <diago_thr_init>0.000000000000000e0</diago_thr_init>
      <diago_full_acc>false</diago_full_acc>
      <diago_cg_maxiter>20</diago_cg_maxiter>
      <diago_ppcg_maxiter>20</diago_ppcg_maxiter>
    </electron_control>
    <k_points_IBZ>
      <monkhorst_pack nk1="6" nk2="6" nk3="1" k1="1" k2="1" k3="0">Uniform grid with offset</monkhorst_pack>
    </k_points_IBZ>
    <ion_control>
      <ion_dynamics>none</ion_dynamics>
      <upscale>1.000000000000000e2</upscale>
      <remove_rigid_rot>false</remove_rigid_rot>
      <refold_pos>false</refold_pos>
    </ion_control>
    <cell_control>
      <cell_dynamics>none</cell_dynamics>
      <pressure>0.000000000000000e0</pressure>
      <wmass>1.089340920000000e2</wmass>
      <cell_factor>0.000000000000000e0</cell_factor>
      <fix_volume>false</fix_volume>
      <fix_area>false</fix_area>
      <isotropic>false</isotropic>
    </cell_control>
    <symmetry_flags>
      <nosym>true</nosym>
      <nosym_evc>false</nosym_evc>
      <noinv>false</noinv>
      <no_t_rev>false</no_t_rev>
      <force_symmorphic>false</force_symmorphic>
      <use_all_frac>false</use_all_frac>
    </symmetry_flags>
    <boundary_conditions>
      <assume_isolated>esm</assume_isolated>
      <esm>
        <bc>bc3</bc>
        <nfit>4</nfit>
        <w>0.000000000000000e0</w>
        <efield>0.000000000000000e0</efield>
      </esm>
      <fcp>false</fcp>
      <fcp_mu>1.000000000000006e99</fcp_mu>
    </boundary_conditions>
  </input>
  <output>
    <convergence_info>
      <scf_conv>
        <convergence_achieved>true</convergence_achieved>
        <n_scf_steps>4</n_scf_steps>
        <scf_error>1.179467889979929e-7</scf_error>
      </scf_conv>
    </convergence_info>
    <algorithmic_info>
      <real_space_q>false</real_space_q>
      <real_space_beta>false</real_space_beta>
      <uspp>true</uspp>
      <paw>false</paw>
    </algorithmic_info>
    <atomic_species ntyp="2" pseudo_dir="/cluster-001-share/groups/otani-lab/Programs/q-e_g_esm/pseudo/">
      <species name="Al">
        <mass>2.698153800000000e1</mass>
        <pseudo_file>Al.pbe-n-van.UPF</pseudo_file>
      </species>
      <species name="H">
        <mass>1.007940000000000e0</mass>
        <pseudo_file>H.pbe-van_ak.UPF</pseudo_file>
      </species>
    </atomic_species>
    <atomic_structure nat="5" alat="1.082227686000e1">
      <atomic_positions>
        <atom name="Al" index="1">0.000000000000000e0 0.000000000000000e0 0.000000000000000e0</atom>
        <atom name="Al" index="2">5.411138430000000e0 0.000000000000000e0 0.000000000000000e0</atom>
        <atom name="Al" index="3">0.000000000000000e0 5.411138430000000e0 0.000000000000000e0</atom>
        <atom name="Al" index="4">5.411138430000000e0 5.411138430000000e0 0.000000000000000e0</atom>
        <atom name="H" index="5">4.010302978488277e0 4.010302978488277e0 2.473114968601942e0</atom>
      </atomic_positions>
      <cell>
        <a1>1.082227686000000e1 0.000000000000000e0 0.000000000000000e0</a1>
        <a2>0.000000000000000e0 1.082227686000000e1 0.000000000000000e0</a2>
        <a3>0.000000000000000e0 0.000000000000000e0 2.267672253000000e1</a3>
      </cell>
    </atomic_structure>
    <symmetries>
      <nsym>1</nsym>
      <nrot>16</nrot>
      <space_group>0</space_group>
      <symmetry>
        <info name="identity">crystal_symmetry</info>
        <rotation rank="2" dims="3 3" order="F">
          1.000000000000000e0 0.000000000000000e0 0.000000000000000e0
          0.000000000000000e0 1.000000000000000e0 0.000000000000000e0
          0.000000000000000e0 0.000000000000000e0 1.000000000000000e0
          </rotation>
        <fractional_translation>0.000000000000000e0 0.000000000000000e0 0.000000000000000e0</fractional_translation>
        <equivalent_atoms nat="5" size="5">
          1 2 3 4 5
          </equivalent_atoms>
      </symmetry>
      <symmetry>
        <info name="inv. 180 deg rotation - cart. axis [1,-1,0]">lattice_symmetry</info>
        <rotation rank="2" dims="3 3" order="F">
          0.000000000000000e0 1.000000000000000e0 0.000000000000000e0
          1.000000000000000e0 0.000000000000000e0 0.000000000000000e0
          0.000000000000000e0 0.000000000000000e0 1.000000000000000e0
          </rotation>
      </symmetry>
      <symmetry>
        <info name="180 deg rotation - cart. axis [0,1,0]">lattice_symmetry</info>
        <rotation rank="2" dims="3 3" order="F">
          -1.000000000000000e0 0.000000000000000e0 0.000000000000000e0
          0.000000000000000e0 1.000000000000000e0 0.000000000000000e0
          0.000000000000000e0 0.000000000000000e0 -1.000000000000000e0
          </rotation>
      </symmetry>
      <symmetry>
        <info name="180 deg rotation - cart. axis [1,0,0]">lattice_symmetry</info>
        <rotation rank="2" dims="3 3" order="F">
          1.000000000000000e0 0.000000000000000e0 0.000000000000000e0
          0.000000000000000e0 -1.000000000000000e0 0.000000000000000e0
          0.000000000000000e0 0.000000000000000e0 -1.000000000000000e0
          </rotation>
      </symmetry>
      <symmetry>
        <info name="180 deg rotation - cart. axis [1,1,0]">lattice_symmetry</info>
        <rotation rank="2" dims="3 3" order="F">
          0.000000000000000e0 1.000000000000000e0 0.000000000000000e0
          1.000000000000000e0 0.000000000000000e0 0.000000000000000e0
          0.000000000000000e0 0.000000000000000e0 -1.000000000000000e0
          </rotation>
      </symmetry>
      <symmetry>
        <info name="180 deg rotation - cart. axis [1,-1,0]">lattice_symmetry</info>
        <rotation rank="2" dims="3 3" order="F">
          0.000000000000000e0 -1.000000000000000e0 0.000000000000000e0
          -1.000000000000000e0 0.000000000000000e0 0.000000000000000e0
          0.000000000000000e0 0.000000000000000e0 -1.000000000000000e0
          </rotation>
      </symmetry>
      <symmetry>
        <info name=" 90 deg rotation - cart. axis [0,0,-1]">lattice_symmetry</info>
        <rotation rank="2" dims="3 3" order="F">
          0.000000000000000e0 1.000000000000000e0 0.000000000000000e0
          -1.000000000000000e0 0.000000000000000e0 0.000000000000000e0
          0.000000000000000e0 0.000000000000000e0 1.000000000000000e0
          </rotation>
      </symmetry>
      <symmetry>
        <info name=" 90 deg rotation - cart. axis [0,0,1]">lattice_symmetry</info>
        <rotation rank="2" dims="3 3" order="F">
          0.000000000000000e0 -1.000000000000000e0 0.000000000000000e0
          1.000000000000000e0 0.000000000000000e0 0.000000000000000e0
          0.000000000000000e0 0.000000000000000e0 1.000000000000000e0
          </rotation>
      </symmetry>
      <symmetry>
        <info name="inversion">lattice_symmetry</info>
        <rotation rank="2" dims="3 3" order="F">
          -1.000000000000000e0 0.000000000000000e0 0.000000000000000e0
          0.000000000000000e0 -1.000000000000000e0 0.000000000000000e0
          0.000000000000000e0 0.000000000000000e0 -1.000000000000000e0
          </rotation>
      </symmetry>
      <symmetry>
        <info name="inv. 180 deg rotation - cart. axis [0,0,1]">lattice_symmetry</info>
        <rotation rank="2" dims="3 3" order="F">
          1.000000000000000e0 0.000000000000000e0 0.000000000000000e0
          0.000000000000000e0 1.000000000000000e0 0.000000000000000e0
          0.000000000000000e0 0.000000000000000e0 -1.000000000000000e0
          </rotation>
      </symmetry>
      <symmetry>
        <info name="inv. 180 deg rotation - cart. axis [0,1,0]">lattice_symmetry</info>
        <rotation rank="2" dims="3 3" order="F">
          1.000000000000000e0 0.000000000000000e0 0.000000000000000e0
          0.000000000000000e0 -1.000000000000000e0 0.000000000000000e0
          0.000000000000000e0 0.000000000000000e0 1.000000000000000e0
          </rotation>
      </symmetry>
      <symmetry>
        <info name="inv. 180 deg rotation - cart. axis [1,0,0]">lattice_symmetry</info>
        <rotation rank="2" dims="3 3" order="F">
          -1.000000000000000e0 0.000000000000000e0 0.000000000000000e0
          0.000000000000000e0 1.000000000000000e0 0.000000000000000e0
          0.000000000000000e0 0.000000000000000e0 1.000000000000000e0
          </rotation>
      </symmetry>
      <symmetry>
        <info name="inv. 180 deg rotation - cart. axis [1,1,0]">lattice_symmetry</info>
        <rotation rank="2" dims="3 3" order="F">
          0.000000000000000e0 -1.000000000000000e0 0.000000000000000e0
          -1.000000000000000e0 0.000000000000000e0 0.000000000000000e0
          0.000000000000000e0 0.000000000000000e0 1.000000000000000e0
          </rotation>
      </symmetry>
      <symmetry>
        <info name="180 deg rotation - cart. axis [0,0,1]">lattice_symmetry</info>
        <rotation rank="2" dims="3 3" order="F">
          -1.000000000000000e0 0.000000000000000e0 0.000000000000000e0
          0.000000000000000e0 -1.000000000000000e0 0.000000000000000e0
          0.000000000000000e0 0.000000000000000e0 1.000000000000000e0
          </rotation>
      </symmetry>
      <symmetry>
        <info name="inv.  90 deg rotation - cart. axis [0,0,-1]">lattice_symmetry</info>
        <rotation rank="2" dims="3 3" order="F">
          0.000000000000000e0 -1.000000000000000e0 0.000000000000000e0
          1.000000000000000e0 0.000000000000000e0 0.000000000000000e0
          0.000000000000000e0 0.000000000000000e0 -1.000000000000000e0
          </rotation>
      </symmetry>
      <symmetry>
        <info name="inv.  90 deg rotation - cart. axis [0,0,1]">lattice_symmetry</info>
        <rotation rank="2" dims="3 3" order="F">
          0.000000000000000e0 1.000000000000000e0 0.000000000000000e0
          -1.000000000000000e0 0.000000000000000e0 0.000000000000000e0
          0.000000000000000e0 0.000000000000000e0 -1.000000000000000e0
          </rotation>
      </symmetry>
    </symmetries>
    <basis_set>
      <gamma_only>false</gamma_only>
      <ecutwfc>1.000000000000000e1</ecutwfc>
      <ecutrho>4.000000000000000e1</ecutrho>
      <fft_grid nr1="32" nr2="32" nr3="72"></fft_grid>
      <fft_smooth nr1="32" nr2="32" nr3="72"></fft_smooth>
      <fft_box nr1="32" nr2="32" nr3="72"></fft_box>
      <ngm>32157</ngm>
      <ngms>32157</ngms>
      <npwx>4019</npwx>
      <reciprocal_lattice>
        <b1>1.000000000000000e0 0.000000000000000e0 0.000000000000000e0</b1>
        <b2>0.000000000000000e0 1.000000000000000e0 0.000000000000000e0</b2>
        <b3>0.000000000000000e0 0.000000000000000e0 4.772416668979721e-1</b3>
      </reciprocal_lattice>
    </basis_set>
    <dft>
      <functional>PBE</functional>
    </dft>
    <boundary_conditions>
      <assume_isolated>esm</assume_isolated>
    </boundary_conditions>
    <magnetization>
      <lsda>false</lsda>
      <noncolin>false</noncolin>
      <spinorbit>false</spinorbit>
      <total>0.000000000000000e0</total>
      <absolute>0.000000000000000e0</absolute>
    </magnetization>
    <total_energy>
      <etot>-2.533464515323120e1</etot>
      <eband>-3.987303258791707e0</eband>
      <ehart>9.197153235212843e1</ehart>
      <vtxc>-4.287267600265879e0</vtxc>
      <etxc>-1.997671119265066e1</etxc>
      <ewald>8.631559383574828e1</ewald>
      <demet>-3.979050959444192e-4</demet>
    </total_energy>
    <band_structure>
      <lsda>false</lsda>
      <noncolin>false</noncolin>
      <spinorbit>false</spinorbit>
      <nbnd>11</nbnd>
      <nelec>1.296818156446924e1</nelec>
      <num_of_atomic_wfc>17</num_of_atomic_wfc>
      <wf_collected>true</wf_collected>
      <fermi_energy>-1.837584862766367e-1</fermi_energy>
      <starting_k_points>
        <monkhorst_pack nk1="6" nk2="6" nk3="1" k1="1" k2="1" k3="0">Uniform grid with offset</monkhorst_pack>
      </starting_k_points>
      <nks>18</nks>
      <occupations_kind>smearing</occupations_kind>
      <smearing degauss="1.000000000000e-2">mv</smearing>
      <ks_energies>
        <k_point weight="1.111111111111e-1">8.333333333333332e-2 8.333333333333332e-2 0.000000000000000e0</k_point>
        <npw>3999</npw>
        <eigenvalues size="11">
          -4.583395292692212e-1 -3.504459826311657e-1 -3.157084818510539e-1 -2.798094835721300e-1 -2.520079658062320e-1
          -2.375800676089145e-1 -1.961867502823739e-1 -1.553973350889079e-1 -1.524895115280094e-1 -1.063940487684160e-1
          -1.056416463953956e-1
          </eigenvalues>
        <occupations size="11">
          1.000000000000000e0 1.000000000000000e0 1.000000000000000e0 1.000000000000000e0 1.000000000000000e0
          1.000000000109487e0 1.075073537219508e0 1.678891392631332e-6 1.942523190079370e-7 0.000000000000000e0
          0.000000000000000e0
          </occupations>
      </ks_energies>
      <ks_energies>
        <k_point weight="1.111111111111e-1">8.333333333333332e-2 2.500000000000000e-1 0.000000000000000e0</k_point>
        <npw>4011</npw>
        <eigenvalues size="11">
          -4.500398101959934e-1 -3.726939551704713e-1 -3.220489989293476e-1 -2.752960506881243e-1 -2.382634762543617e-1
          -2.229547105844300e-1 -1.984354158223137e-1 -1.786946018362390e-1 -1.579111747401263e-1 -1.147028643434801e-1
          -7.638903016104988e-2
          </eigenvalues>
        <occupations size="11">
          1.000000000000000e0 1.000000000000000e0 1.000000000000000e0 1.000000000000000e0 1.000000000057658e0
          1.000010378046432e0 1.082658277680377e0 1.345595833783914e-1 9.465973872024858e-6 0.000000000000000e0
          0.000000000000000e0
          </occupations>
      </ks_energies>
      <ks_energies>
        <k_point weight="1.111111111111e-1">8.333333333333332e-2 4.166666666666666e-1 0.000000000000000e0</k_point>
        <npw>4016</npw>
        <eigenvalues size="11">
          -4.352531537645681e-1 -4.009565463449097e-1 -3.142578916736930e-1 -2.757705545305140e-1 -2.450910256284838e-1
          -2.192767755509276e-1 -2.017323676708278e-1 -1.824653949430756e-1 -1.346613807188486e-1 -1.052607547577778e-1
          -6.917421100046549e-2
          </eigenvalues>
        <occupations size="11">
          1.000000000000000e0 1.000000000000000e0 1.000000000000000e0 1.000000000000000e0 1.000000000000057e0
          1.000093287740338e0 1.059972890752072e0 3.166199929621663e-1 8.937295348232510e-15 0.000000000000000e0
          0.000000000000000e0
          </occupations>
      </ks_energies>
      <ks_energies>
        <k_point weight="1.111111111111e-1">8.333333333333332e-2 -4.166666666666666e-1 0.000000000000000e0</k_point>
        <npw>4016</npw>
        <eigenvalues size="11">
          -4.352182784162011e-1 -4.010508339624077e-1 -3.142789776461758e-1 -2.749002112616419e-1 -2.456028197046098e-1
          -2.205887826901837e-1 -2.012063086765350e-1 -1.822766463789005e-1 -1.339969372351460e-1 -1.055196535751236e-1
          -6.938351991619061e-2
          </eigenvalues>
        <occupations size="11">
          1.000000000000000e0 1.000000000000000e0 1.000000000000000e0 1.000000000000000e0 1.000000000000032e0
          1.000044003781388e0 1.064796505463570e0 3.051845818629859e-1 4.163336342344337e-15 0.000000000000000e0
          0.000000000000000e0
          </occupations>
      </ks_energies>
      <ks_energies>
        <k_point weight="1.111111111111e-1">8.333333333333332e-2 -2.500000000000000e-1 0.000000000000000e0</k_point>
        <npw>4011</npw>
        <eigenvalues size="11">
          -4.500163012296437e-1 -3.729588333833903e-1 -3.216839889505010e-1 -2.747435184559244e-1 -2.379063024362605e-1
          -2.238675080031824e-1 -1.986481692037641e-1 -1.820084920241754e-1 -1.552316994623561e-1 -1.129838215676681e-1
          -7.401285432198801e-2
          </eigenvalues>
        <occupations size="11">
          1.000000000000000e0 1.000000000000000e0 1.000000000000000e0 1.000000000000000e0 1.000000000080710e0
          1.000005764244812e0 1.082058366953082e0 2.893328283170130e-1 1.491499019456999e-6 0.000000000000000e0
          0.000000000000000e0
          </occupations>
      </ks_energies>
      <ks_energies>
        <k_point weight="1.111111111111e-1">8.333333333333332e-2 -8.333333333333325e-2 0.000000000000000e0</k_point>
        <npw>3999</npw>
        <eigenvalues size="11">
          -4.583349872527282e-1 -3.507599866643819e-1 -3.149843188420647e-1 -2.804466282901496e-1 -2.512934653033017e-1
          -2.378059381586429e-1 -1.939450596529504e-1 -1.711415980378088e-1 -1.359065790373786e-1 -1.083573282710678e-1
          -1.048939441264723e-1
          </eigenvalues>
        <occupations size="11">
          1.000000000000000e0 1.000000000000000e0 1.000000000000000e0 1.000000000000000e0 1.000000000000000e0
          1.000000000088668e0 1.032287726822042e0 1.095240661306657e-2 3.563815909046752e-14 0.000000000000000e0
          0.000000000000000e0
          </occupations>
      </ks_energies>
      <ks_energies>
        <k_point weight="1.111111111111e-1">2.500000000000000e-1 8.333333333333332e-2 0.000000000000000e0</k_point>
        <npw>4011</npw>
        <eigenvalues size="11">
          -4.500398083727962e-1 -3.726939645924398e-1 -3.220489844192551e-1 -2.752960495712563e-1 -2.382634808187969e-1
          -2.229547089535908e-1 -1.984354182397747e-1 -1.786945880953396e-1 -1.579111785828759e-1 -1.147028582724034e-1
          -7.638906844519213e-2
          </eigenvalues>
        <occupations size="11">
          1.000000000000000e0 1.000000000000000e0 1.000000000000000e0 1.000000000000000e0 1.000000000057658e0
          1.000010378057177e0 1.082658271896070e0 1.345591004722627e-1 9.465997994784203e-6 0.000000000000000e0
          0.000000000000000e0
          </occupations>
      </ks_energies>
      <ks_energies>
        <k_point weight="1.111111111111e-1">2.500000000000000e-1 2.500000000000000e-1 0.000000000000000e0</k_point>
        <npw>4007</npw>
        <eigenvalues size="11">
          -4.419300315789846e-1 -3.722736615354224e-1 -3.480661126359572e-1 -2.882080865572316e-1 -2.436017556307992e-1
          -1.938950773189954e-1 -1.864352627197258e-1 -1.606300636150822e-1 -1.389080934501906e-1 -1.313310905646104e-1
          -9.091177792046102e-2
          </eigenvalues>
        <occupations size="11">
          1.000000000000000e0 1.000000000000000e0 1.000000000000000e0 1.000000000000000e0 1.000000000000278e0
          1.030844880611269e0 5.960413921112091e-1 5.339841170082238e-5 8.862910405582625e-13 1.665334536937735e-16
          0.000000000000000e0
          </occupations>
      </ks_energies>
      <ks_energies>
        <k_point weight="1.111111111111e-1">2.500000000000000e-1 4.166666666666666e-1 0.000000000000000e0</k_point>
        <npw>4019</npw>
        <eigenvalues size="11">
          -4.277809222668582e-1 -3.925518397242010e-1 -3.430439784693927e-1 -3.124439126995511e-1 -2.436424577786987e-1
          -1.799564397112625e-1 -1.685999172488236e-1 -1.506817579379048e-1 -1.346442363006937e-1 -1.178402852863392e-1
          -9.789465252048611e-2
          </eigenvalues>
        <occupations size="11">
          1.000000000000000e0 1.000000000000000e0 1.000000000000000e0 1.000000000000000e0 1.000000000000267e0
          1.843735843163183e-1 3.683803603663660e-3 4.670354880609295e-8 8.770761894538737e-15 0.000000000000000e0
          0.000000000000000e0
          </occupations>
      </ks_energies>
      <ks_energies>
        <k_point weight="1.111111111111e-1">2.500000000000000e-1 -4.166666666666666e-1 0.000000000000000e0</k_point>
        <npw>4019</npw>
        <eigenvalues size="11">
          -4.276695756020057e-1 -3.929145079190089e-1 -3.428052747081707e-1 -3.120281163302159e-1 -2.441984177635808e-1
          -1.797642872966230e-1 -1.694047839944924e-1 -1.522250967867835e-1 -1.313908649250094e-1 -1.184377634068536e-1
          -9.831517857112754e-2
          </eigenvalues>
        <occupations size="11">
          1.000000000000000e0 1.000000000000000e0 1.000000000000000e0 1.000000000000000e0 1.000000000000148e0
          1.760698310060016e-1 5.272655587580999e-3 1.583371749269702e-7 1.665334536937735e-16 0.000000000000000e0
          0.000000000000000e0
          </occupations>
      </ks_energies>
      <ks_energies>
        <k_point weight="1.111111111111e-1">2.500000000000000e-1 -2.500000000000000e-1 0.000000000000000e0</k_point>
        <npw>4007</npw>
        <eigenvalues size="11">
          -4.418490125828260e-1 -3.732535878259104e-1 -3.470755391247820e-1 -2.869742534720151e-1 -2.451537553272886e-1
          -1.941175002917388e-1 -1.854153389418706e-1 -1.661985337641917e-1 -1.357815353775688e-1 -1.308800988006383e-1
          -7.799498426902379e-2
          </eigenvalues>
        <occupations size="11">
          1.000000000000000e0 1.000000000000000e0 1.000000000000000e0 1.000000000000000e0 1.000000000000053e0
          1.037092869737353e0 5.195106106506888e-1 1.172501804657500e-3 3.103073353827313e-14 1.110223024625157e-16
          0.000000000000000e0
          </occupations>
      </ks_energies>
      <ks_energies>
        <k_point weight="1.111111111111e-1">2.500000000000000e-1 -8.333333333333325e-2 0.000000000000000e0</k_point>
        <npw>4011</npw>
        <eigenvalues size="11">
          -4.500162992494166e-1 -3.729588427449813e-1 -3.216839761062140e-1 -2.747435188993540e-1 -2.379063037263948e-1
          -2.238675096176895e-1 -1.986481798858004e-1 -1.820084720655565e-1 -1.552317027757979e-1 -1.129838178900130e-1
          -7.401285653641304e-2
          </eigenvalues>
        <occupations size="11">
          1.000000000000000e0 1.000000000000000e0 1.000000000000000e0 1.000000000000000e0 1.000000000080710e0
          1.000005764238730e0 1.082058332379204e0 2.893316660050932e-1 1.491502558792490e-6 0.000000000000000e0
          0.000000000000000e0
          </occupations>
      </ks_energies>
      <ks_energies>
        <k_point weight="1.111111111111e-1">4.166666666666666e-1 8.333333333333332e-2 0.000000000000000e0</k_point>
        <npw>4016</npw>
        <eigenvalues size="11">
          -4.352531441796569e-1 -4.009565650761347e-1 -3.142578617349809e-1 -2.757705846826285e-1 -2.450910055652733e-1
          -2.192767725085901e-1 -2.017323573590437e-1 -1.824654054163042e-1 -1.346613818148263e-1 -1.052607908362541e-1
          -6.917423201081786e-2
          </eigenvalues>
        <occupations size="11">
          1.000000000000000e0 1.000000000000000e0 1.000000000000000e0 1.000000000000000e0 1.000000000000057e0
          1.000093287899037e0 1.059972986784692e0 3.166206337365392e-1 8.937295348232510e-15 0.000000000000000e0
          0.000000000000000e0
          </occupations>
      </ks_energies>
      <ks_energies>
        <k_point weight="1.111111111111e-1">4.166666666666666e-1 2.500000000000000e-1 0.000000000000000e0</k_point>
        <npw>4019</npw>
        <eigenvalues size="11">
          -4.277809150636067e-1 -3.925518595134233e-1 -3.430439512925281e-1 -3.124439301221575e-1 -2.436424523659711e-1
          -1.799564477694796e-1 -1.685999172800211e-1 -1.506817535402506e-1 -1.346442244165822e-1 -1.178402842717538e-1
          -9.789466773403438e-2
          </eigenvalues>
        <occupations size="11">
          1.000000000000000e0 1.000000000000000e0 1.000000000000000e0 1.000000000000000e0 1.000000000000267e0
          1.843739380366252e-1 3.683803655764151e-3 4.670338321632884e-8 8.770761894538737e-15 0.000000000000000e0
          0.000000000000000e0
          </occupations>
      </ks_energies>
      <ks_energies>
        <k_point weight="1.111111111111e-1">4.166666666666666e-1 4.166666666666666e-1 0.000000000000000e0</k_point>
        <npw>4005</npw>
        <eigenvalues size="11">
          -4.158192330047310e-1 -3.801247280444490e-1 -3.654255583658044e-1 -3.445003618953153e-1 -2.398447089038105e-1
          -1.645278193200054e-1 -1.472951692108857e-1 -1.296732368910359e-1 -1.109395212174958e-1 -1.075654962711171e-1
          -1.047584408454682e-1
          </eigenvalues>
        <occupations size="11">
          1.000000000000000e0 1.000000000000000e0 1.000000000000000e0 1.000000000000000e0 1.000000000012613e0
          4.947087333495026e-4 2.715499047845071e-9 0.000000000000000e0 0.000000000000000e0 0.000000000000000e0
          0.000000000000000e0
          </occupations>
      </ks_energies>
      <ks_energies>
        <k_point weight="1.111111111111e-1">4.166666666666666e-1 -4.166666666666666e-1 0.000000000000000e0</k_point>
        <npw>4005</npw>
        <eigenvalues size="11">
          -4.156815413012007e-1 -3.810891964351815e-1 -3.644132267515841e-1 -3.445740733789986e-1 -2.400370514323840e-1
          -1.649260274505300e-1 -1.464690615124608e-1 -1.299205112521903e-1 -1.117737414498008e-1 -1.071327982796461e-1
          -1.049678406841158e-1
          </eigenvalues>
        <occupations size="11">
          1.000000000000000e0 1.000000000000000e0 1.000000000000000e0 1.000000000000000e0 1.000000000010448e0
          6.106997231013489e-4 1.310535457932360e-9 5.551115123125783e-17 0.000000000000000e0 0.000000000000000e0
          0.000000000000000e0
          </occupations>
      </ks_energies>
      <ks_energies>
        <k_point weight="1.111111111111e-1">4.166666666666666e-1 -2.500000000000000e-1 0.000000000000000e0</k_point>
        <npw>4019</npw>
        <eigenvalues size="11">
          -4.276695715230536e-1 -3.929145291787873e-1 -3.428052485766279e-1 -3.120281337076012e-1 -2.441984441682978e-1
          -1.797643400356788e-1 -1.694047855439629e-1 -1.522251000404284e-1 -1.313908467204830e-1 -1.184377714777631e-1
          -9.831519378981582e-2
          </eigenvalues>
        <occupations size="11">
          1.000000000000000e0 1.000000000000000e0 1.000000000000000e0 1.000000000000000e0 1.000000000000148e0
          1.760720742324130e-1 5.272659163626625e-3 1.583375746627702e-7 1.665334536937735e-16 0.000000000000000e0
          0.000000000000000e0
          </occupations>
      </ks_energies>
      <ks_energies>
        <k_point weight="1.111111111111e-1">4.166666666666666e-1 -8.333333333333325e-2 0.000000000000000e0</k_point>
        <npw>4016</npw>
        <eigenvalues size="11">
          -4.352182693646848e-1 -4.010508529039736e-1 -3.142789494406128e-1 -2.749002434830243e-1 -2.456028023215080e-1
          -2.205887814212717e-1 -2.012062980099641e-1 -1.822766584790565e-1 -1.339969335757613e-1 -1.055196536646406e-1
          -6.938360045269758e-2
          </eigenvalues>
        <occupations size="11">
          1.000000000000000e0 1.000000000000000e0 1.000000000000000e0 1.000000000000000e0 1.000000000000032e0
          1.000044003814122e0 1.064796601313311e0 3.051853076793628e-1 4.163336342344337e-15 0.000000000000000e0
          0.000000000000000e0
          </occupations>
      </ks_energies>
    </band_structure>
    <forces rank="2" dims="3 5" order="F">
      0.000000000000000e0 0.000000000000000e0 0.000000000000000e0
      0.000000000000000e0 0.000000000000000e0 0.000000000000000e0
      0.000000000000000e0 0.000000000000000e0 0.000000000000000e0
      0.000000000000000e0 0.000000000000000e0 0.000000000000000e0
      0.000000000000000e0 0.000000000000000e0 -6.224716114011696e-5
      </forces>
  </output>
  <status>0</status>
  <timing_info>
    <total label="PWSCF">
      <cpu>4.124760470000001e2</cpu>
      <wall>6.125741040706635e2</wall>
    </total>
    <partial label="electrons" calls="22">
      <cpu>3.538896570000002e2</cpu>
      <wall>4.279596197605133e2</wall>
    </partial>
  </timing_info>
  <closed DATE="30 Dec 2020" TIME=" 8: 0: 2"></closed>
</qes:espresso>
