<?xml version="1.0" encoding="UTF-8"?>
<qes:espresso xsi:schemaLocation="http://www.quantum-espresso.org/ns/qes/qes-1.0 http://www.quantum-espresso.org/ns/qes/qes_191206.xsd" Units="Hartree atomic units" xmlns:xsi="http://www.w3.org/2001/XMLSchema-instance" xmlns:qes="http://www.quantum-espresso.org/ns/qes/qes-1.0">
  <!--All quantities are in Hartree atomic units unless otherwise specified-->
  <general_info>
    <xml_format NAME="QEXSD" VERSION="19.03.04">QEXSD_19.03.04</xml_format>
    <creator NAME="PWSCF" VERSION="6.5">XML file generated by PWSCF</creator>
    <created DATE="19May2020" TIME=" 1:47:56">This run was terminated on:   1:47:56  19 May 2020</created>
    <job></job>
  </general_info>
  <parallel_info>
    <nprocs>4</nprocs>
    <nthreads>1</nthreads>
    <ntasks>1</ntasks>
    <nbgrp>1</nbgrp>
    <npool>1</npool>
    <ndiag>4</ndiag>
  </parallel_info>
  <input>
    <control_variables>
      <title></title>
      <calculation>scf</calculation>
      <restart_mode>from_scratch</restart_mode>
      <prefix>Al001_bc1</prefix>
      <pseudo_dir>/Users/otani/Program/q-e/pseudo/</pseudo_dir>
      <outdir>/Users/otani/Program/q-e/tempdir/</outdir>
      <stress>false</stress>
      <forces>true</forces>
      <wf_collect>true</wf_collect>
      <disk_io>low</disk_io>
      <max_seconds>10000000</max_seconds>
      <nstep>1</nstep>
      <etot_conv_thr>5.000000000000000e-5</etot_conv_thr>
      <forc_conv_thr>5.000000000000000e-4</forc_conv_thr>
      <press_conv_thr>5.000000000000000e-1</press_conv_thr>
      <verbosity>low</verbosity>
      <print_every>100000</print_every>
    </control_variables>
    <atomic_species ntyp="1">
      <species name="Al">
        <mass>2.698153800000000e1</mass>
        <pseudo_file>Al.pbe-n-van.UPF</pseudo_file>
      </species>
    </atomic_species>
    <atomic_structure nat="4" alat="1.082227268674e1">
      <atomic_positions>
        <atom name="Al" index="1">0.000000000000000e0 0.000000000000000e0 0.000000000000000e0</atom>
        <atom name="Al" index="2">5.411136343369254e0 0.000000000000000e0 0.000000000000000e0</atom>
        <atom name="Al" index="3">0.000000000000000e0 5.411136343369254e0 0.000000000000000e0</atom>
        <atom name="Al" index="4">5.411136343369254e0 5.411136343369254e0 0.000000000000000e0</atom>
      </atomic_positions>
      <cell>
        <a1>1.082227268673851e1 0.000000000000000e0 0.000000000000000e0</a1>
        <a2>0.000000000000000e0 1.082227268673851e1 0.000000000000000e0</a2>
        <a3>0.000000000000000e0 0.000000000000000e0 2.267670880879948e1</a3>
      </cell>
    </atomic_structure>
    <dft>
      <functional>PBE</functional>
    </dft>
    <spin>
      <lsda>false</lsda>
      <noncolin>false</noncolin>
      <spinorbit>false</spinorbit>
    </spin>
    <bands>
      <smearing degauss="1.500000000000e-2">mp</smearing>
      <tot_charge>0.000000000000000e0</tot_charge>
      <occupations>smearing</occupations>
    </bands>
    <basis>
      <gamma_only>false</gamma_only>
      <ecutwfc>1.000000000000000e1</ecutwfc>
      <ecutrho>4.000000000000000e1</ecutrho>
    </basis>
    <electron_control>
      <diagonalization>davidson</diagonalization>
      <mixing_mode>plain</mixing_mode>
      <mixing_beta>3.000000000000000e-1</mixing_beta>
      <conv_thr>5.000000000000000e-7</conv_thr>
      <mixing_ndim>8</mixing_ndim>
      <max_nstep>100</max_nstep>
      <real_space_q>false</real_space_q>
      <real_space_beta>false</real_space_beta>
      <tq_smoothing>false</tq_smoothing>
      <tbeta_smoothing>false</tbeta_smoothing>
      <diago_thr_init>0.000000000000000e0</diago_thr_init>
      <diago_full_acc>false</diago_full_acc>
      <diago_cg_maxiter>20</diago_cg_maxiter>
      <diago_ppcg_maxiter>20</diago_ppcg_maxiter>
    </electron_control>
    <k_points_IBZ>
      <monkhorst_pack nk1="6" nk2="6" nk3="1" k1="1" k2="1" k3="0">Uniform grid with offset</monkhorst_pack>
    </k_points_IBZ>
    <ion_control>
      <ion_dynamics>none</ion_dynamics>
      <upscale>1.000000000000000e2</upscale>
      <remove_rigid_rot>false</remove_rigid_rot>
      <refold_pos>false</refold_pos>
    </ion_control>
    <cell_control>
      <cell_dynamics>none</cell_dynamics>
      <pressure>0.000000000000000e0</pressure>
      <wmass>1.079261520000000e2</wmass>
      <cell_factor>0.000000000000000e0</cell_factor>
      <fix_volume>false</fix_volume>
      <fix_area>false</fix_area>
      <isotropic>false</isotropic>
    </cell_control>
    <symmetry_flags>
      <nosym>false</nosym>
      <nosym_evc>false</nosym_evc>
      <noinv>false</noinv>
      <no_t_rev>false</no_t_rev>
      <force_symmorphic>false</force_symmorphic>
      <use_all_frac>false</use_all_frac>
    </symmetry_flags>
    <boundary_conditions>
      <assume_isolated>esm</assume_isolated>
      <esm>
        <bc>bc1</bc>
        <nfit>4</nfit>
        <w>0.000000000000000e0</w>
        <efield>0.000000000000000e0</efield>
      </esm>
    </boundary_conditions>
  </input>
  <output>
    <convergence_info>
      <scf_conv>
        <convergence_achieved>true</convergence_achieved>
        <n_scf_steps>7</n_scf_steps>
        <scf_error>2.785830521809037e-7</scf_error>
      </scf_conv>
    </convergence_info>
    <algorithmic_info>
      <real_space_q>false</real_space_q>
      <real_space_beta>false</real_space_beta>
      <uspp>true</uspp>
      <paw>false</paw>
    </algorithmic_info>
    <atomic_species ntyp="1" pseudo_dir="/Users/otani/Program/q-e/pseudo/">
      <species name="Al">
        <mass>2.698153800000000e1</mass>
        <pseudo_file>Al.pbe-n-van.UPF</pseudo_file>
      </species>
    </atomic_species>
    <atomic_structure nat="4" alat="1.082227268674e1">
      <atomic_positions>
        <atom name="Al" index="1">0.000000000000000e0 0.000000000000000e0 0.000000000000000e0</atom>
        <atom name="Al" index="2">5.411136343369254e0 0.000000000000000e0 0.000000000000000e0</atom>
        <atom name="Al" index="3">0.000000000000000e0 5.411136343369254e0 0.000000000000000e0</atom>
        <atom name="Al" index="4">5.411136343369254e0 5.411136343369254e0 0.000000000000000e0</atom>
      </atomic_positions>
      <cell>
        <a1>1.082227268673851e1 0.000000000000000e0 0.000000000000000e0</a1>
        <a2>0.000000000000000e0 1.082227268673851e1 0.000000000000000e0</a2>
        <a3>0.000000000000000e0 0.000000000000000e0 2.267670880879948e1</a3>
      </cell>
    </atomic_structure>
    <symmetries>
      <nsym>16</nsym>
      <nrot>16</nrot>
      <space_group>0</space_group>
      <symmetry>
        <info name="identity">crystal_symmetry</info>
        <rotation rank="2" dims="3 3" order="F">
          1.000000000000000e0 0.000000000000000e0 0.000000000000000e0
          0.000000000000000e0 1.000000000000000e0 0.000000000000000e0
          0.000000000000000e0 0.000000000000000e0 1.000000000000000e0
          </rotation>
        <fractional_translation>0.000000000000000e0 0.000000000000000e0 0.000000000000000e0</fractional_translation>
        <equivalent_atoms nat="4" size="4">
          1 2 3 4
          </equivalent_atoms>
      </symmetry>
      <symmetry>
        <info name="180 deg rotation - cart. axis [0,0,1]">crystal_symmetry</info>
        <rotation rank="2" dims="3 3" order="F">
          -1.000000000000000e0 0.000000000000000e0 0.000000000000000e0
          0.000000000000000e0 -1.000000000000000e0 0.000000000000000e0
          0.000000000000000e0 0.000000000000000e0 1.000000000000000e0
          </rotation>
        <fractional_translation>0.000000000000000e0 0.000000000000000e0 0.000000000000000e0</fractional_translation>
        <equivalent_atoms nat="4" size="4">
          1 2 3 4
          </equivalent_atoms>
      </symmetry>
      <symmetry>
        <info name="180 deg rotation - cart. axis [0,1,0]">crystal_symmetry</info>
        <rotation rank="2" dims="3 3" order="F">
          -1.000000000000000e0 0.000000000000000e0 0.000000000000000e0
          0.000000000000000e0 1.000000000000000e0 0.000000000000000e0
          0.000000000000000e0 0.000000000000000e0 -1.000000000000000e0
          </rotation>
        <fractional_translation>0.000000000000000e0 0.000000000000000e0 0.000000000000000e0</fractional_translation>
        <equivalent_atoms nat="4" size="4">
          1 2 3 4
          </equivalent_atoms>
      </symmetry>
      <symmetry>
        <info name="180 deg rotation - cart. axis [1,0,0]">crystal_symmetry</info>
        <rotation rank="2" dims="3 3" order="F">
          1.000000000000000e0 0.000000000000000e0 0.000000000000000e0
          0.000000000000000e0 -1.000000000000000e0 0.000000000000000e0
          0.000000000000000e0 0.000000000000000e0 -1.000000000000000e0
          </rotation>
        <fractional_translation>0.000000000000000e0 0.000000000000000e0 0.000000000000000e0</fractional_translation>
        <equivalent_atoms nat="4" size="4">
          1 2 3 4
          </equivalent_atoms>
      </symmetry>
      <symmetry>
        <info name="180 deg rotation - cart. axis [1,1,0]">crystal_symmetry</info>
        <rotation rank="2" dims="3 3" order="F">
          0.000000000000000e0 1.000000000000000e0 0.000000000000000e0
          1.000000000000000e0 0.000000000000000e0 0.000000000000000e0
          0.000000000000000e0 0.000000000000000e0 -1.000000000000000e0
          </rotation>
        <fractional_translation>0.000000000000000e0 0.000000000000000e0 0.000000000000000e0</fractional_translation>
        <equivalent_atoms nat="4" size="4">
          1 3 2 4
          </equivalent_atoms>
      </symmetry>
      <symmetry>
        <info name="180 deg rotation - cart. axis [1,-1,0]">crystal_symmetry</info>
        <rotation rank="2" dims="3 3" order="F">
          0.000000000000000e0 -1.000000000000000e0 0.000000000000000e0
          -1.000000000000000e0 0.000000000000000e0 0.000000000000000e0
          0.000000000000000e0 0.000000000000000e0 -1.000000000000000e0
          </rotation>
        <fractional_translation>0.000000000000000e0 0.000000000000000e0 0.000000000000000e0</fractional_translation>
        <equivalent_atoms nat="4" size="4">
          1 3 2 4
          </equivalent_atoms>
      </symmetry>
      <symmetry>
        <info name=" 90 deg rotation - cart. axis [0,0,-1]">crystal_symmetry</info>
        <rotation rank="2" dims="3 3" order="F">
          0.000000000000000e0 1.000000000000000e0 0.000000000000000e0
          -1.000000000000000e0 0.000000000000000e0 0.000000000000000e0
          0.000000000000000e0 0.000000000000000e0 1.000000000000000e0
          </rotation>
        <fractional_translation>0.000000000000000e0 0.000000000000000e0 0.000000000000000e0</fractional_translation>
        <equivalent_atoms nat="4" size="4">
          1 3 2 4
          </equivalent_atoms>
      </symmetry>
      <symmetry>
        <info name=" 90 deg rotation - cart. axis [0,0,1]">crystal_symmetry</info>
        <rotation rank="2" dims="3 3" order="F">
          0.000000000000000e0 -1.000000000000000e0 0.000000000000000e0
          1.000000000000000e0 0.000000000000000e0 0.000000000000000e0
          0.000000000000000e0 0.000000000000000e0 1.000000000000000e0
          </rotation>
        <fractional_translation>0.000000000000000e0 0.000000000000000e0 0.000000000000000e0</fractional_translation>
        <equivalent_atoms nat="4" size="4">
          1 3 2 4
          </equivalent_atoms>
      </symmetry>
      <symmetry>
        <info name="inversion">crystal_symmetry</info>
        <rotation rank="2" dims="3 3" order="F">
          -1.000000000000000e0 0.000000000000000e0 0.000000000000000e0
          0.000000000000000e0 -1.000000000000000e0 0.000000000000000e0
          0.000000000000000e0 0.000000000000000e0 -1.000000000000000e0
          </rotation>
        <fractional_translation>0.000000000000000e0 0.000000000000000e0 0.000000000000000e0</fractional_translation>
        <equivalent_atoms nat="4" size="4">
          1 2 3 4
          </equivalent_atoms>
      </symmetry>
      <symmetry>
        <info name="inv. 180 deg rotation - cart. axis [0,0,1]">crystal_symmetry</info>
        <rotation rank="2" dims="3 3" order="F">
          1.000000000000000e0 0.000000000000000e0 0.000000000000000e0
          0.000000000000000e0 1.000000000000000e0 0.000000000000000e0
          0.000000000000000e0 0.000000000000000e0 -1.000000000000000e0
          </rotation>
        <fractional_translation>0.000000000000000e0 0.000000000000000e0 0.000000000000000e0</fractional_translation>
        <equivalent_atoms nat="4" size="4">
          1 2 3 4
          </equivalent_atoms>
      </symmetry>
      <symmetry>
        <info name="inv. 180 deg rotation - cart. axis [0,1,0]">crystal_symmetry</info>
        <rotation rank="2" dims="3 3" order="F">
          1.000000000000000e0 0.000000000000000e0 0.000000000000000e0
          0.000000000000000e0 -1.000000000000000e0 0.000000000000000e0
          0.000000000000000e0 0.000000000000000e0 1.000000000000000e0
          </rotation>
        <fractional_translation>0.000000000000000e0 0.000000000000000e0 0.000000000000000e0</fractional_translation>
        <equivalent_atoms nat="4" size="4">
          1 2 3 4
          </equivalent_atoms>
      </symmetry>
      <symmetry>
        <info name="inv. 180 deg rotation - cart. axis [1,0,0]">crystal_symmetry</info>
        <rotation rank="2" dims="3 3" order="F">
          -1.000000000000000e0 0.000000000000000e0 0.000000000000000e0
          0.000000000000000e0 1.000000000000000e0 0.000000000000000e0
          0.000000000000000e0 0.000000000000000e0 1.000000000000000e0
          </rotation>
        <fractional_translation>0.000000000000000e0 0.000000000000000e0 0.000000000000000e0</fractional_translation>
        <equivalent_atoms nat="4" size="4">
          1 2 3 4
          </equivalent_atoms>
      </symmetry>
      <symmetry>
        <info name="inv. 180 deg rotation - cart. axis [1,1,0]">crystal_symmetry</info>
        <rotation rank="2" dims="3 3" order="F">
          0.000000000000000e0 -1.000000000000000e0 0.000000000000000e0
          -1.000000000000000e0 0.000000000000000e0 0.000000000000000e0
          0.000000000000000e0 0.000000000000000e0 1.000000000000000e0
          </rotation>
        <fractional_translation>0.000000000000000e0 0.000000000000000e0 0.000000000000000e0</fractional_translation>
        <equivalent_atoms nat="4" size="4">
          1 3 2 4
          </equivalent_atoms>
      </symmetry>
      <symmetry>
        <info name="inv. 180 deg rotation - cart. axis [1,-1,0]">crystal_symmetry</info>
        <rotation rank="2" dims="3 3" order="F">
          0.000000000000000e0 1.000000000000000e0 0.000000000000000e0
          1.000000000000000e0 0.000000000000000e0 0.000000000000000e0
          0.000000000000000e0 0.000000000000000e0 1.000000000000000e0
          </rotation>
        <fractional_translation>0.000000000000000e0 0.000000000000000e0 0.000000000000000e0</fractional_translation>
        <equivalent_atoms nat="4" size="4">
          1 3 2 4
          </equivalent_atoms>
      </symmetry>
      <symmetry>
        <info name="inv.  90 deg rotation - cart. axis [0,0,-1]">crystal_symmetry</info>
        <rotation rank="2" dims="3 3" order="F">
          0.000000000000000e0 -1.000000000000000e0 0.000000000000000e0
          1.000000000000000e0 0.000000000000000e0 0.000000000000000e0
          0.000000000000000e0 0.000000000000000e0 -1.000000000000000e0
          </rotation>
        <fractional_translation>0.000000000000000e0 0.000000000000000e0 0.000000000000000e0</fractional_translation>
        <equivalent_atoms nat="4" size="4">
          1 3 2 4
          </equivalent_atoms>
      </symmetry>
      <symmetry>
        <info name="inv.  90 deg rotation - cart. axis [0,0,1]">crystal_symmetry</info>
        <rotation rank="2" dims="3 3" order="F">
          0.000000000000000e0 1.000000000000000e0 0.000000000000000e0
          -1.000000000000000e0 0.000000000000000e0 0.000000000000000e0
          0.000000000000000e0 0.000000000000000e0 -1.000000000000000e0
          </rotation>
        <fractional_translation>0.000000000000000e0 0.000000000000000e0 0.000000000000000e0</fractional_translation>
        <equivalent_atoms nat="4" size="4">
          1 3 2 4
          </equivalent_atoms>
      </symmetry>
    </symmetries>
    <basis_set>
      <gamma_only>false</gamma_only>
      <ecutwfc>1.000000000000000e1</ecutwfc>
      <ecutrho>4.000000000000000e1</ecutrho>
      <fft_grid nr1="32" nr2="32" nr3="72"></fft_grid>
      <fft_smooth nr1="32" nr2="32" nr3="72"></fft_smooth>
      <fft_box nr1="32" nr2="32" nr3="72"></fft_box>
      <ngm>32157</ngm>
      <ngms>32157</ngms>
      <npwx>4019</npwx>
      <reciprocal_lattice>
        <b1>1.000000000000000e0 0.000000000000000e0 0.000000000000000e0</b1>
        <b2>0.000000000000000e0 1.000000000000000e0 0.000000000000000e0</b2>
        <b3>0.000000000000000e0 0.000000000000000e0 4.772417716339431e-1</b3>
      </reciprocal_lattice>
    </basis_set>
    <dft>
      <functional>PBE</functional>
    </dft>
    <boundary_conditions>
      <assume_isolated>esm</assume_isolated>
    </boundary_conditions>
    <magnetization>
      <lsda>false</lsda>
      <noncolin>false</noncolin>
      <spinorbit>false</spinorbit>
      <total>0.000000000000000e0</total>
      <absolute>0.000000000000000e0</absolute>
      <do_magnetization>true</do_magnetization>
    </magnetization>
    <total_energy>
      <etot>-2.475836151319192e1</etot>
      <eband>-3.253386456844749e0</eband>
      <ehart>-7.267231665458631e0</ehart>
      <vtxc>-3.814398788126740e0</vtxc>
      <etxc>-1.961031797473005e1</etxc>
      <ewald>-1.297412671014461e1</ewald>
      <demet>-1.120090485270341e-4</demet>
    </total_energy>
    <band_structure>
      <lsda>false</lsda>
      <noncolin>false</noncolin>
      <spinorbit>false</spinorbit>
      <nbnd>10</nbnd>
      <nelec>1.200000000000000e1</nelec>
      <num_of_atomic_wfc>16</num_of_atomic_wfc>
      <wf_collected>true</wf_collected>
      <fermi_energy>-1.560812977881155e-1</fermi_energy>
      <starting_k_points>
        <monkhorst_pack nk1="6" nk2="6" nk3="1" k1="1" k2="1" k3="0">Uniform grid with offset</monkhorst_pack>
      </starting_k_points>
      <nks>6</nks>
      <occupations_kind>smearing</occupations_kind>
      <smearing degauss="1.500000000000e-2">mp</smearing>
      <ks_energies>
        <k_point weight="2.222222222222e-1">8.333333333333332e-2 8.333333333333332e-2 0.000000000000000e0</k_point>
        <npw>3999</npw>
        <eigenvalues size="10">
          -4.170182406498211e-1 -2.856250011528298e-1 -2.856219434060555e-1 -2.228306291095685e-1 -2.228297025834389e-1
          -1.951090015842032e-1 -1.575200427413391e-1 -1.254328337522191e-1 -7.792512358571541e-2 -7.620511627402317e-2
          </eigenvalues>
        <occupations size="10">
          1.000000000000000e0 1.000000000000000e0 1.000000000000000e0 1.000000002998093e0 1.000000002999696e0
          1.000725886258583e0 5.807592111503740e-1 -6.934987693326113e-3 -2.295422509869442e-12 -7.020037038085849e-13
          </occupations>
      </ks_energies>
      <ks_energies>
        <k_point weight="4.444444444444e-1">8.333333333333332e-2 2.500000000000000e-1 0.000000000000000e0</k_point>
        <npw>4011</npw>
        <eigenvalues size="10">
          -4.078988059731346e-1 -3.272429781500483e-1 -2.766499470784849e-1 -2.144608976738126e-1 -1.979087232988609e-1
          -1.863754392341798e-1 -1.650800820199539e-1 -1.444934756146429e-1 -1.103962904285194e-1 -6.771922925603613e-2
          </eigenvalues>
        <occupations size="10">
          1.000000000000000e0 1.000000000000000e0 1.000000000000000e0 1.000000271251660e0 1.000290086267332e0
          1.007499893381889e0 9.199781868519183e-1 1.732043905360836e-2 -7.218370942930584e-5 -1.371970561796028e-15
          </occupations>
      </ks_energies>
      <ks_energies>
        <k_point weight="4.444444444444e-1">8.333333333333332e-2 4.166666666666666e-1 0.000000000000000e0</k_point>
        <npw>4016</npw>
        <eigenvalues size="10">
          -3.897360702870954e-1 -3.627091663173566e-1 -2.588012462259934e-1 -2.323511397336982e-1 -1.978701628721094e-1
          -1.737642583411027e-1 -1.690107890813992e-1 -1.433256376419466e-1 -9.764189778220350e-2 -5.088607743845623e-2
          </eigenvalues>
        <occupations size="10">
          1.000000000000000e0 1.000000000000000e0 1.000000000000000e0 1.000000000008160e0 1.000293930512723e0
          1.035112754190405e0 1.004246022430757e0 -1.836652991136056e-3 -2.632643864169195e-7 -8.469024681059572e-22
          </occupations>
      </ks_energies>
      <ks_energies>
        <k_point weight="2.222222222222e-1">2.500000000000000e-1 2.500000000000000e-1 0.000000000000000e0</k_point>
        <npw>4007</npw>
        <eigenvalues size="10">
          -3.987939622265900e-1 -3.182641772883883e-1 -3.182617730688035e-1 -2.390829276003626e-1 -1.776511945546145e-1
          -1.569218057949459e-1 -1.569201533231445e-1 -1.086511754268209e-1 -1.017986733138297e-1 -1.017962883777758e-1
          </eigenvalues>
        <occupations size="10">
          1.000000000000000e0 1.000000000000000e0 1.000000000000000e0 1.000000000000076e0 1.030304314018966e0
          5.473379780515394e-1 5.472452331641572e-1 -3.668616696127485e-5 -1.941676218781460e-6 -1.939541385127073e-6
          </occupations>
      </ks_energies>
      <ks_energies>
        <k_point weight="4.444444444444e-1">2.500000000000000e-1 4.166666666666666e-1 0.000000000000000e0</k_point>
        <npw>4019</npw>
        <eigenvalues size="10">
          -3.806542789698664e-1 -3.536686125074139e-1 -3.003880655663827e-1 -2.738497072400082e-1 -1.603139756179186e-1
          -1.411158955446596e-1 -1.346649673170870e-1 -1.197046665734318e-1 -9.030655446888042e-2 -8.468165148491822e-2
          </eigenvalues>
        <occupations size="10">
          1.000000000000000e0 1.000000000000000e0 1.000000000000000e0 1.000000000000000e0 7.285844078173427e-1
          -2.488624843810890e-2 -3.071428745832325e-2 -1.607528283229578e-3 -5.237177812651064e-9 -1.857114898437993e-10
          </occupations>
      </ks_energies>
      <ks_energies>
        <k_point weight="2.222222222222e-1">4.166666666666666e-1 4.166666666666666e-1 0.000000000000000e0</k_point>
        <npw>4005</npw>
        <eigenvalues size="10">
          -3.625724920855685e-1 -3.356811981845194e-1 -3.356789189751936e-1 -3.089263406618083e-1 -1.430059549913262e-1
          -1.174292122457194e-1 -1.174268391542861e-1 -9.193563996468836e-2 -7.751869739919602e-2 -7.516376651870758e-2
          </eigenvalues>
        <occupations size="10">
          1.000000000000000e0 1.000000000000000e0 1.000000000000000e0 1.000000000000000e0 -6.183275015291104e-3
          -8.160147923972614e-4 -8.154153068026609e-4 -1.304871203478384e-8 -1.739151584502974e-12 -3.381894384862937e-13
          </occupations>
      </ks_energies>
    </band_structure>
    <forces rank="2" dims="3 4" order="F">
      0.000000000000000e0 0.000000000000000e0 0.000000000000000e0
      0.000000000000000e0 0.000000000000000e0 0.000000000000000e0
      0.000000000000000e0 0.000000000000000e0 0.000000000000000e0
      0.000000000000000e0 0.000000000000000e0 0.000000000000000e0
      </forces>
  </output>
  <status>0</status>
  <timing_info>
    <total label="PWSCF">
      <cpu>1.716103000000000e0</cpu>
      <wall>1.784225940704346e0</wall>
    </total>
    <partial label="electrons" calls="1">
      <cpu>1.323644000000000e0</cpu>
      <wall>1.376657009124756e0</wall>
    </partial>
  </timing_info>
  <closed DATE="19 May 2020" TIME=" 1:47:56"></closed>
</qes:espresso>
