<?xml version="1.0" encoding="UTF-8"?>
<qes:espresso xsi:schemaLocation="http://www.quantum-espresso.org/ns/qes/qes-1.0 http://www.quantum-espresso.org/ns/qes/qes_191206.xsd" Units="Hartree atomic units" xmlns:xsi="http://www.w3.org/2001/XMLSchema-instance" xmlns:qes="http://www.quantum-espresso.org/ns/qes/qes-1.0">
  <!--All quantities are in Hartree atomic units unless otherwise specified-->
  <general_info>
    <xml_format NAME="QEXSD" VERSION="19.03.04">QEXSD_19.03.04</xml_format>
    <creator NAME="PWSCF" VERSION="6.5">XML file generated by PWSCF</creator>
    <created DATE="19May2020" TIME=" 1:48:13">This run was terminated on:   1:48:13  19 May 2020</created>
    <job></job>
  </general_info>
  <parallel_info>
    <nprocs>4</nprocs>
    <nthreads>1</nthreads>
    <ntasks>1</ntasks>
    <nbgrp>1</nbgrp>
    <npool>1</npool>
    <ndiag>4</ndiag>
  </parallel_info>
  <input>
    <control_variables>
      <title></title>
      <calculation>scf</calculation>
      <restart_mode>from_scratch</restart_mode>
      <prefix>Al001_bc3</prefix>
      <pseudo_dir>/Users/otani/Program/q-e/pseudo/</pseudo_dir>
      <outdir>/Users/otani/Program/q-e/tempdir/</outdir>
      <stress>false</stress>
      <forces>true</forces>
      <wf_collect>true</wf_collect>
      <disk_io>low</disk_io>
      <max_seconds>10000000</max_seconds>
      <nstep>1</nstep>
      <etot_conv_thr>5.000000000000000e-5</etot_conv_thr>
      <forc_conv_thr>5.000000000000000e-4</forc_conv_thr>
      <press_conv_thr>5.000000000000000e-1</press_conv_thr>
      <verbosity>low</verbosity>
      <print_every>100000</print_every>
    </control_variables>
    <atomic_species ntyp="1">
      <species name="Al">
        <mass>2.698153800000000e1</mass>
        <pseudo_file>Al.pbe-n-van.UPF</pseudo_file>
      </species>
    </atomic_species>
    <atomic_structure nat="4" alat="1.082227268674e1">
      <atomic_positions>
        <atom name="Al" index="1">0.000000000000000e0 0.000000000000000e0 0.000000000000000e0</atom>
        <atom name="Al" index="2">5.411136343369254e0 0.000000000000000e0 0.000000000000000e0</atom>
        <atom name="Al" index="3">0.000000000000000e0 5.411136343369254e0 0.000000000000000e0</atom>
        <atom name="Al" index="4">5.411136343369254e0 5.411136343369254e0 0.000000000000000e0</atom>
      </atomic_positions>
      <cell>
        <a1>1.082227268673851e1 0.000000000000000e0 0.000000000000000e0</a1>
        <a2>0.000000000000000e0 1.082227268673851e1 0.000000000000000e0</a2>
        <a3>0.000000000000000e0 0.000000000000000e0 2.267670880879948e1</a3>
      </cell>
    </atomic_structure>
    <dft>
      <functional>PBE</functional>
    </dft>
    <spin>
      <lsda>false</lsda>
      <noncolin>false</noncolin>
      <spinorbit>false</spinorbit>
    </spin>
    <bands>
      <smearing degauss="1.500000000000e-2">mp</smearing>
      <tot_charge>0.000000000000000e0</tot_charge>
      <occupations>smearing</occupations>
    </bands>
    <basis>
      <gamma_only>false</gamma_only>
      <ecutwfc>1.000000000000000e1</ecutwfc>
      <ecutrho>4.000000000000000e1</ecutrho>
    </basis>
    <electron_control>
      <diagonalization>davidson</diagonalization>
      <mixing_mode>plain</mixing_mode>
      <mixing_beta>3.000000000000000e-1</mixing_beta>
      <conv_thr>5.000000000000000e-7</conv_thr>
      <mixing_ndim>8</mixing_ndim>
      <max_nstep>100</max_nstep>
      <real_space_q>false</real_space_q>
      <real_space_beta>false</real_space_beta>
      <tq_smoothing>false</tq_smoothing>
      <tbeta_smoothing>false</tbeta_smoothing>
      <diago_thr_init>0.000000000000000e0</diago_thr_init>
      <diago_full_acc>false</diago_full_acc>
      <diago_cg_maxiter>20</diago_cg_maxiter>
      <diago_ppcg_maxiter>20</diago_ppcg_maxiter>
    </electron_control>
    <k_points_IBZ>
      <monkhorst_pack nk1="6" nk2="6" nk3="1" k1="1" k2="1" k3="0">Uniform grid with offset</monkhorst_pack>
    </k_points_IBZ>
    <ion_control>
      <ion_dynamics>none</ion_dynamics>
      <upscale>1.000000000000000e2</upscale>
      <remove_rigid_rot>false</remove_rigid_rot>
      <refold_pos>false</refold_pos>
    </ion_control>
    <cell_control>
      <cell_dynamics>none</cell_dynamics>
      <pressure>0.000000000000000e0</pressure>
      <wmass>1.079261520000000e2</wmass>
      <cell_factor>0.000000000000000e0</cell_factor>
      <fix_volume>false</fix_volume>
      <fix_area>false</fix_area>
      <isotropic>false</isotropic>
    </cell_control>
    <symmetry_flags>
      <nosym>false</nosym>
      <nosym_evc>false</nosym_evc>
      <noinv>false</noinv>
      <no_t_rev>false</no_t_rev>
      <force_symmorphic>false</force_symmorphic>
      <use_all_frac>false</use_all_frac>
    </symmetry_flags>
    <boundary_conditions>
      <assume_isolated>esm</assume_isolated>
      <esm>
        <bc>bc3</bc>
        <nfit>4</nfit>
        <w>0.000000000000000e0</w>
        <efield>0.000000000000000e0</efield>
      </esm>
      <fcp_opt>false</fcp_opt>
      <fcp_mu>0.000000000000000e0</fcp_mu>
    </boundary_conditions>
  </input>
  <output>
    <convergence_info>
      <scf_conv>
        <convergence_achieved>true</convergence_achieved>
        <n_scf_steps>8</n_scf_steps>
        <scf_error>1.429727815550471e-7</scf_error>
      </scf_conv>
    </convergence_info>
    <algorithmic_info>
      <real_space_q>false</real_space_q>
      <real_space_beta>false</real_space_beta>
      <uspp>true</uspp>
      <paw>false</paw>
    </algorithmic_info>
    <atomic_species ntyp="1" pseudo_dir="/Users/otani/Program/q-e/pseudo/">
      <species name="Al">
        <mass>2.698153800000000e1</mass>
        <pseudo_file>Al.pbe-n-van.UPF</pseudo_file>
      </species>
    </atomic_species>
    <atomic_structure nat="4" alat="1.082227268674e1">
      <atomic_positions>
        <atom name="Al" index="1">0.000000000000000e0 0.000000000000000e0 0.000000000000000e0</atom>
        <atom name="Al" index="2">5.411136343369254e0 0.000000000000000e0 0.000000000000000e0</atom>
        <atom name="Al" index="3">0.000000000000000e0 5.411136343369254e0 0.000000000000000e0</atom>
        <atom name="Al" index="4">5.411136343369254e0 5.411136343369254e0 0.000000000000000e0</atom>
      </atomic_positions>
      <cell>
        <a1>1.082227268673851e1 0.000000000000000e0 0.000000000000000e0</a1>
        <a2>0.000000000000000e0 1.082227268673851e1 0.000000000000000e0</a2>
        <a3>0.000000000000000e0 0.000000000000000e0 2.267670880879948e1</a3>
      </cell>
    </atomic_structure>
    <symmetries>
      <nsym>8</nsym>
      <nrot>16</nrot>
      <space_group>0</space_group>
      <symmetry>
        <info name="identity">crystal_symmetry</info>
        <rotation rank="2" dims="3 3" order="F">
          1.000000000000000e0 0.000000000000000e0 0.000000000000000e0
          0.000000000000000e0 1.000000000000000e0 0.000000000000000e0
          0.000000000000000e0 0.000000000000000e0 1.000000000000000e0
          </rotation>
        <fractional_translation>0.000000000000000e0 0.000000000000000e0 0.000000000000000e0</fractional_translation>
        <equivalent_atoms nat="4" size="4">
          1 2 3 4
          </equivalent_atoms>
      </symmetry>
      <symmetry>
        <info name="180 deg rotation - cart. axis [0,0,1]">crystal_symmetry</info>
        <rotation rank="2" dims="3 3" order="F">
          -1.000000000000000e0 0.000000000000000e0 0.000000000000000e0
          0.000000000000000e0 -1.000000000000000e0 0.000000000000000e0
          0.000000000000000e0 0.000000000000000e0 1.000000000000000e0
          </rotation>
        <fractional_translation>0.000000000000000e0 0.000000000000000e0 0.000000000000000e0</fractional_translation>
        <equivalent_atoms nat="4" size="4">
          1 2 3 4
          </equivalent_atoms>
      </symmetry>
      <symmetry>
        <info name=" 90 deg rotation - cart. axis [0,0,-1]">crystal_symmetry</info>
        <rotation rank="2" dims="3 3" order="F">
          0.000000000000000e0 1.000000000000000e0 0.000000000000000e0
          -1.000000000000000e0 0.000000000000000e0 0.000000000000000e0
          0.000000000000000e0 0.000000000000000e0 1.000000000000000e0
          </rotation>
        <fractional_translation>0.000000000000000e0 0.000000000000000e0 0.000000000000000e0</fractional_translation>
        <equivalent_atoms nat="4" size="4">
          1 3 2 4
          </equivalent_atoms>
      </symmetry>
      <symmetry>
        <info name=" 90 deg rotation - cart. axis [0,0,1]">crystal_symmetry</info>
        <rotation rank="2" dims="3 3" order="F">
          0.000000000000000e0 -1.000000000000000e0 0.000000000000000e0
          1.000000000000000e0 0.000000000000000e0 0.000000000000000e0
          0.000000000000000e0 0.000000000000000e0 1.000000000000000e0
          </rotation>
        <fractional_translation>0.000000000000000e0 0.000000000000000e0 0.000000000000000e0</fractional_translation>
        <equivalent_atoms nat="4" size="4">
          1 3 2 4
          </equivalent_atoms>
      </symmetry>
      <symmetry>
        <info name="inv. 180 deg rotation - cart. axis [0,1,0]">crystal_symmetry</info>
        <rotation rank="2" dims="3 3" order="F">
          1.000000000000000e0 0.000000000000000e0 0.000000000000000e0
          0.000000000000000e0 -1.000000000000000e0 0.000000000000000e0
          0.000000000000000e0 0.000000000000000e0 1.000000000000000e0
          </rotation>
        <fractional_translation>0.000000000000000e0 0.000000000000000e0 0.000000000000000e0</fractional_translation>
        <equivalent_atoms nat="4" size="4">
          1 2 3 4
          </equivalent_atoms>
      </symmetry>
      <symmetry>
        <info name="inv. 180 deg rotation - cart. axis [1,0,0]">crystal_symmetry</info>
        <rotation rank="2" dims="3 3" order="F">
          -1.000000000000000e0 0.000000000000000e0 0.000000000000000e0
          0.000000000000000e0 1.000000000000000e0 0.000000000000000e0
          0.000000000000000e0 0.000000000000000e0 1.000000000000000e0
          </rotation>
        <fractional_translation>0.000000000000000e0 0.000000000000000e0 0.000000000000000e0</fractional_translation>
        <equivalent_atoms nat="4" size="4">
          1 2 3 4
          </equivalent_atoms>
      </symmetry>
      <symmetry>
        <info name="inv. 180 deg rotation - cart. axis [1,1,0]">crystal_symmetry</info>
        <rotation rank="2" dims="3 3" order="F">
          0.000000000000000e0 -1.000000000000000e0 0.000000000000000e0
          -1.000000000000000e0 0.000000000000000e0 0.000000000000000e0
          0.000000000000000e0 0.000000000000000e0 1.000000000000000e0
          </rotation>
        <fractional_translation>0.000000000000000e0 0.000000000000000e0 0.000000000000000e0</fractional_translation>
        <equivalent_atoms nat="4" size="4">
          1 3 2 4
          </equivalent_atoms>
      </symmetry>
      <symmetry>
        <info name="inv. 180 deg rotation - cart. axis [1,-1,0]">crystal_symmetry</info>
        <rotation rank="2" dims="3 3" order="F">
          0.000000000000000e0 1.000000000000000e0 0.000000000000000e0
          1.000000000000000e0 0.000000000000000e0 0.000000000000000e0
          0.000000000000000e0 0.000000000000000e0 1.000000000000000e0
          </rotation>
        <fractional_translation>0.000000000000000e0 0.000000000000000e0 0.000000000000000e0</fractional_translation>
        <equivalent_atoms nat="4" size="4">
          1 3 2 4
          </equivalent_atoms>
      </symmetry>
      <symmetry>
        <info name="inversion">lattice_symmetry</info>
        <rotation rank="2" dims="3 3" order="F">
          -1.000000000000000e0 0.000000000000000e0 0.000000000000000e0
          0.000000000000000e0 -1.000000000000000e0 0.000000000000000e0
          0.000000000000000e0 0.000000000000000e0 -1.000000000000000e0
          </rotation>
      </symmetry>
      <symmetry>
        <info name="inv. 180 deg rotation - cart. axis [0,0,1]">lattice_symmetry</info>
        <rotation rank="2" dims="3 3" order="F">
          1.000000000000000e0 0.000000000000000e0 0.000000000000000e0
          0.000000000000000e0 1.000000000000000e0 0.000000000000000e0
          0.000000000000000e0 0.000000000000000e0 -1.000000000000000e0
          </rotation>
      </symmetry>
      <symmetry>
        <info name="180 deg rotation - cart. axis [1,1,0]">lattice_symmetry</info>
        <rotation rank="2" dims="3 3" order="F">
          0.000000000000000e0 1.000000000000000e0 0.000000000000000e0
          1.000000000000000e0 0.000000000000000e0 0.000000000000000e0
          0.000000000000000e0 0.000000000000000e0 -1.000000000000000e0
          </rotation>
      </symmetry>
      <symmetry>
        <info name="180 deg rotation - cart. axis [1,-1,0]">lattice_symmetry</info>
        <rotation rank="2" dims="3 3" order="F">
          0.000000000000000e0 -1.000000000000000e0 0.000000000000000e0
          -1.000000000000000e0 0.000000000000000e0 0.000000000000000e0
          0.000000000000000e0 0.000000000000000e0 -1.000000000000000e0
          </rotation>
      </symmetry>
      <symmetry>
        <info name="180 deg rotation - cart. axis [0,1,0]">lattice_symmetry</info>
        <rotation rank="2" dims="3 3" order="F">
          -1.000000000000000e0 0.000000000000000e0 0.000000000000000e0
          0.000000000000000e0 1.000000000000000e0 0.000000000000000e0
          0.000000000000000e0 0.000000000000000e0 -1.000000000000000e0
          </rotation>
      </symmetry>
      <symmetry>
        <info name="180 deg rotation - cart. axis [1,0,0]">lattice_symmetry</info>
        <rotation rank="2" dims="3 3" order="F">
          1.000000000000000e0 0.000000000000000e0 0.000000000000000e0
          0.000000000000000e0 -1.000000000000000e0 0.000000000000000e0
          0.000000000000000e0 0.000000000000000e0 -1.000000000000000e0
          </rotation>
      </symmetry>
      <symmetry>
        <info name="inv.  90 deg rotation - cart. axis [0,0,-1]">lattice_symmetry</info>
        <rotation rank="2" dims="3 3" order="F">
          0.000000000000000e0 -1.000000000000000e0 0.000000000000000e0
          1.000000000000000e0 0.000000000000000e0 0.000000000000000e0
          0.000000000000000e0 0.000000000000000e0 -1.000000000000000e0
          </rotation>
      </symmetry>
      <symmetry>
        <info name="inv.  90 deg rotation - cart. axis [0,0,1]">lattice_symmetry</info>
        <rotation rank="2" dims="3 3" order="F">
          0.000000000000000e0 1.000000000000000e0 0.000000000000000e0
          -1.000000000000000e0 0.000000000000000e0 0.000000000000000e0
          0.000000000000000e0 0.000000000000000e0 -1.000000000000000e0
          </rotation>
      </symmetry>
    </symmetries>
    <basis_set>
      <gamma_only>false</gamma_only>
      <ecutwfc>1.000000000000000e1</ecutwfc>
      <ecutrho>4.000000000000000e1</ecutrho>
      <fft_grid nr1="32" nr2="32" nr3="72"></fft_grid>
      <fft_smooth nr1="32" nr2="32" nr3="72"></fft_smooth>
      <fft_box nr1="32" nr2="32" nr3="72"></fft_box>
      <ngm>32157</ngm>
      <ngms>32157</ngms>
      <npwx>4019</npwx>
      <reciprocal_lattice>
        <b1>1.000000000000000e0 0.000000000000000e0 0.000000000000000e0</b1>
        <b2>0.000000000000000e0 1.000000000000000e0 0.000000000000000e0</b2>
        <b3>0.000000000000000e0 0.000000000000000e0 4.772417716339431e-1</b3>
      </reciprocal_lattice>
    </basis_set>
    <dft>
      <functional>PBE</functional>
    </dft>
    <boundary_conditions>
      <assume_isolated>esm</assume_isolated>
    </boundary_conditions>
    <magnetization>
      <lsda>false</lsda>
      <noncolin>false</noncolin>
      <spinorbit>false</spinorbit>
      <total>0.000000000000000e0</total>
      <absolute>0.000000000000000e0</absolute>
      <do_magnetization>true</do_magnetization>
    </magnetization>
    <total_energy>
      <etot>-2.475834221366666e1</etot>
      <eband>-3.254134593713193e0</eband>
      <ehart>8.032266146602465e1</ehart>
      <vtxc>-3.814365330669464e0</vtxc>
      <etxc>-1.961029585130063e1</etxc>
      <ewald>7.461605816054740e1</ewald>
      <demet>-1.125335695092318e-4</demet>
    </total_energy>
    <band_structure>
      <lsda>false</lsda>
      <noncolin>false</noncolin>
      <spinorbit>false</spinorbit>
      <nbnd>10</nbnd>
      <nelec>1.200000000000000e1</nelec>
      <num_of_atomic_wfc>16</num_of_atomic_wfc>
      <wf_collected>true</wf_collected>
      <fermi_energy>-1.561390661712189e-1</fermi_energy>
      <starting_k_points>
        <monkhorst_pack nk1="6" nk2="6" nk3="1" k1="1" k2="1" k3="0">Uniform grid with offset</monkhorst_pack>
      </starting_k_points>
      <nks>6</nks>
      <occupations_kind>smearing</occupations_kind>
      <smearing degauss="1.500000000000e-2">mp</smearing>
      <ks_energies>
        <k_point weight="2.222222222222e-1">8.333333333333332e-2 8.333333333333332e-2 0.000000000000000e0</k_point>
        <npw>3999</npw>
        <eigenvalues size="10">
          -4.170835632206911e-1 -2.856895291884928e-1 -2.856870356329477e-1 -2.228977189816335e-1 -2.228969386495536e-1
          -1.951500885059649e-1 -1.575866294458533e-1 -1.254992289335336e-1 -7.798257744790393e-2 -7.625081599342389e-2
          </eigenvalues>
        <occupations size="10">
          1.000000000000000e0 1.000000000000000e0 1.000000000000000e0 1.000000002982015e0 1.000000002983358e0
          1.000729691317215e0 5.812491057432661e-1 -6.948344531064468e-3 -2.294930920799000e-12 -6.961261618314339e-13
          </occupations>
      </ks_energies>
      <ks_energies>
        <k_point weight="4.444444444444e-1">8.333333333333332e-2 2.500000000000000e-1 0.000000000000000e0</k_point>
        <npw>4011</npw>
        <eigenvalues size="10">
          -4.079641328923072e-1 -3.273082791350970e-1 -2.767147989463750e-1 -2.145281323458050e-1 -1.979743235375966e-1
          -1.864165840079220e-1 -1.651469367016282e-1 -1.445619477955550e-1 -1.104207857942985e-1 -6.776425231342814e-2
          </eigenvalues>
        <occupations size="10">
          1.000000000000000e0 1.000000000000000e0 1.000000000000000e0 1.000000269971924e0 1.000289311120646e0
          1.007527225007410e0 9.202498699258024e-1 1.752087825403210e-2 -7.127781393538052e-5 -1.358510944601643e-15
          </occupations>
      </ks_energies>
      <ks_energies>
        <k_point weight="4.444444444444e-1">8.333333333333332e-2 4.166666666666666e-1 0.000000000000000e0</k_point>
        <npw>4016</npw>
        <eigenvalues size="10">
          -3.898014050471787e-1 -3.627745090816525e-1 -2.588662001180690e-1 -2.324163047119995e-1 -1.979375294411767e-1
          -1.738319404475857e-1 -1.690520477031643e-1 -1.433658361702970e-1 -9.771637167418294e-2 -5.092538030001410e-2
          </eigenvalues>
        <occupations size="10">
          1.000000000000000e0 1.000000000000000e0 1.000000000000000e0 1.000000000008120e0 1.000292969298707e0
          1.035122919028053e0 1.004021913041205e0 -2.085193640152097e-3 -2.654725896533082e-7 -8.325557232254575e-22
          </occupations>
      </ks_energies>
      <ks_energies>
        <k_point weight="2.222222222222e-1">2.500000000000000e-1 2.500000000000000e-1 0.000000000000000e0</k_point>
        <npw>4007</npw>
        <eigenvalues size="10">
          -3.988592957725789e-1 -3.183292804963067e-1 -3.183273145269622e-1 -2.391485491718334e-1 -1.776924002782411e-1
          -1.569886245036778e-1 -1.569872675633637e-1 -1.087158944218222e-1 -1.018245865263620e-1 -1.018213537515767e-1
          </eigenvalues>
        <occupations size="10">
          1.000000000000000e0 1.000000000000000e0 1.000000000000000e0 1.000000000000076e0 1.030348993309765e0
          5.478458930969944e-1 5.477697436665573e-1 -3.678733553044433e-5 -1.913346088668304e-6 -1.910493234771551e-6
          </occupations>
      </ks_energies>
      <ks_energies>
        <k_point weight="4.444444444444e-1">2.500000000000000e-1 4.166666666666666e-1 0.000000000000000e0</k_point>
        <npw>4019</npw>
        <eigenvalues size="10">
          -3.807196326441563e-1 -3.537339777142589e-1 -3.004534562575396e-1 -2.739151950205811e-1 -1.603552996626536e-1
          -1.411822233350608e-1 -1.347037001646534e-1 -1.197645872301418e-1 -9.037092684489318e-2 -8.471350148570950e-2
          </eigenvalues>
        <occupations size="10">
          1.000000000000000e0 1.000000000000000e0 1.000000000000000e0 1.000000000000000e0 7.277726969050874e-1
          -2.482610684392536e-2 -3.066400211942129e-2 -1.608518623012963e-3 -5.256854251061428e-9 -1.827532649121602e-10
          </occupations>
      </ks_energies>
      <ks_energies>
        <k_point weight="2.222222222222e-1">4.166666666666666e-1 4.166666666666666e-1 0.000000000000000e0</k_point>
        <npw>4005</npw>
        <eigenvalues size="10">
          -3.626378675791545e-1 -3.357463835049885e-1 -3.357445216225827e-1 -3.089917862956417e-1 -1.430456195989100e-1
          -1.174672207503546e-1 -1.174645474934670e-1 -9.197191814483720e-2 -7.758975755342394e-2 -7.522423965317903e-2
          </eigenvalues>
        <occupations size="10">
          1.000000000000000e0 1.000000000000000e0 1.000000000000000e0 1.000000000000000e0 -6.418431376940954e-3
          -8.110350833671426e-4 -8.103634828349321e-4 -1.289456332472696e-8 -1.755049649489102e-12 -3.388358882798656e-13
          </occupations>
      </ks_energies>
    </band_structure>
    <forces rank="2" dims="3 4" order="F">
      0.000000000000000e0 0.000000000000000e0 -3.399651980809318e-7
      0.000000000000000e0 0.000000000000000e0 2.047266053895058e-7
      0.000000000000000e0 0.000000000000000e0 2.047266053895058e-7
      0.000000000000000e0 0.000000000000000e0 1.337398035164650e-6
      </forces>
  </output>
  <status>0</status>
  <timing_info>
    <total label="PWSCF">
      <cpu>2.003556000000000e0</cpu>
      <wall>2.094811916351318e0</wall>
    </total>
    <partial label="electrons" calls="1">
      <cpu>1.685580000000000e0</cpu>
      <wall>1.751058816909790e0</wall>
    </partial>
  </timing_info>
  <closed DATE="19 May 2020" TIME=" 1:48:13"></closed>
</qes:espresso>
