<?xml version="1.0" encoding="UTF-8"?>
<qes:espresso xsi:schemaLocation="http://www.quantum-espresso.org/ns/qes/qes-1.0 http://www.quantum-espresso.org/ns/qes/qes_191206.xsd" Units="Hartree atomic units" xmlns:xsi="http://www.w3.org/2001/XMLSchema-instance" xmlns:qes="http://www.quantum-espresso.org/ns/qes/qes-1.0">
  <!--All quantities are in Hartree atomic units unless otherwise specified-->
  <general_info>
    <xml_format NAME="QEXSD" VERSION="19.03.04">QEXSD_19.03.04</xml_format>
    <creator NAME="PWSCF" VERSION="6.5">XML file generated by PWSCF</creator>
    <created DATE="19May2020" TIME="14: 8:13">This run was terminated on:  14: 8:13  19 May 2020</created>
    <job></job>
  </general_info>
  <parallel_info>
    <nprocs>4</nprocs>
    <nthreads>1</nthreads>
    <ntasks>1</ntasks>
    <nbgrp>1</nbgrp>
    <npool>1</npool>
    <ndiag>4</ndiag>
  </parallel_info>
  <input>
    <control_variables>
      <title></title>
      <calculation>relax</calculation>
      <restart_mode>from_scratch</restart_mode>
      <prefix>Al001_bc3_FCP_vm05</prefix>
      <pseudo_dir>/Users/otani/Program/q-e/pseudo/</pseudo_dir>
      <outdir>/Users/otani/Program/q-e/tempdir/</outdir>
      <stress>false</stress>
      <forces>true</forces>
      <wf_collect>true</wf_collect>
      <disk_io>low</disk_io>
      <max_seconds>10000000</max_seconds>
      <nstep>50</nstep>
      <etot_conv_thr>5.000000000000000e-5</etot_conv_thr>
      <forc_conv_thr>5.000000000000000e-4</forc_conv_thr>
      <press_conv_thr>5.000000000000000e-1</press_conv_thr>
      <verbosity>low</verbosity>
      <print_every>100000</print_every>
    </control_variables>
    <atomic_species ntyp="1">
      <species name="Al">
        <mass>2.698153800000000e1</mass>
        <pseudo_file>Al.pbe-n-van.UPF</pseudo_file>
      </species>
    </atomic_species>
    <atomic_structure nat="4" alat="1.082227268674e1">
      <atomic_positions>
        <atom name="Al" index="1">0.000000000000000e0 0.000000000000000e0 0.000000000000000e0</atom>
        <atom name="Al" index="2">5.411136343369254e0 0.000000000000000e0 0.000000000000000e0</atom>
        <atom name="Al" index="3">0.000000000000000e0 5.411136343369254e0 0.000000000000000e0</atom>
        <atom name="Al" index="4">5.411136343369254e0 5.411136343369254e0 0.000000000000000e0</atom>
      </atomic_positions>
      <cell>
        <a1>1.082227268673851e1 0.000000000000000e0 0.000000000000000e0</a1>
        <a2>0.000000000000000e0 1.082227268673851e1 0.000000000000000e0</a2>
        <a3>0.000000000000000e0 0.000000000000000e0 2.267670880879948e1</a3>
      </cell>
    </atomic_structure>
    <dft>
      <functional>PBE</functional>
    </dft>
    <spin>
      <lsda>false</lsda>
      <noncolin>false</noncolin>
      <spinorbit>false</spinorbit>
    </spin>
    <bands>
      <smearing degauss="1.500000000000e-2">mp</smearing>
      <tot_charge>0.000000000000000e0</tot_charge>
      <occupations>smearing</occupations>
    </bands>
    <basis>
      <gamma_only>false</gamma_only>
      <ecutwfc>1.000000000000000e1</ecutwfc>
      <ecutrho>4.000000000000000e1</ecutrho>
    </basis>
    <electron_control>
      <diagonalization>davidson</diagonalization>
      <mixing_mode>plain</mixing_mode>
      <mixing_beta>3.000000000000000e-1</mixing_beta>
      <conv_thr>5.000000000000000e-7</conv_thr>
      <mixing_ndim>8</mixing_ndim>
      <max_nstep>100</max_nstep>
      <real_space_q>false</real_space_q>
      <real_space_beta>false</real_space_beta>
      <tq_smoothing>false</tq_smoothing>
      <tbeta_smoothing>false</tbeta_smoothing>
      <diago_thr_init>0.000000000000000e0</diago_thr_init>
      <diago_full_acc>false</diago_full_acc>
      <diago_cg_maxiter>20</diago_cg_maxiter>
      <diago_ppcg_maxiter>20</diago_ppcg_maxiter>
    </electron_control>
    <k_points_IBZ>
      <monkhorst_pack nk1="6" nk2="6" nk3="1" k1="1" k2="1" k3="0">Uniform grid with offset</monkhorst_pack>
    </k_points_IBZ>
    <ion_control>
      <ion_dynamics>bfgs</ion_dynamics>
      <upscale>1.000000000000000e2</upscale>
      <remove_rigid_rot>false</remove_rigid_rot>
      <refold_pos>false</refold_pos>
      <bfgs>
        <ndim>1</ndim>
        <trust_radius_min>1.000000000000000e-4</trust_radius_min>
        <trust_radius_max>8.000000000000000e-1</trust_radius_max>
        <trust_radius_init>5.000000000000000e-1</trust_radius_init>
        <w1>1.000000000000000e-2</w1>
        <w2>5.000000000000000e-1</w2>
        <ignore_wolfe>false</ignore_wolfe>
      </bfgs>
    </ion_control>
    <cell_control>
      <cell_dynamics>none</cell_dynamics>
      <pressure>0.000000000000000e0</pressure>
      <wmass>1.079261520000000e2</wmass>
      <cell_factor>0.000000000000000e0</cell_factor>
      <fix_volume>false</fix_volume>
      <fix_area>false</fix_area>
      <isotropic>false</isotropic>
    </cell_control>
    <symmetry_flags>
      <nosym>false</nosym>
      <nosym_evc>false</nosym_evc>
      <noinv>false</noinv>
      <no_t_rev>false</no_t_rev>
      <force_symmorphic>false</force_symmorphic>
      <use_all_frac>false</use_all_frac>
    </symmetry_flags>
    <boundary_conditions>
      <assume_isolated>esm</assume_isolated>
      <esm>
        <bc>bc3</bc>
        <nfit>4</nfit>
        <w>0.000000000000000e0</w>
        <efield>0.000000000000000e0</efield>
      </esm>
      <fcp>true</fcp>
      <fcp_mu>-4.749000000000000e0</fcp_mu>
    </boundary_conditions>
    <free_positions rank="2" dims="3 4" order="F">
      1 1 1
      1 1 1
      1 1 1
      1 1 1
      </free_positions>
  </input>
  <step n_step="1">
    <scf_conv>
      <convergence_achieved>true</convergence_achieved>
      <n_scf_steps>8</n_scf_steps>
      <scf_error>2.859455631100942e-7</scf_error>
    </scf_conv>
    <atomic_structure nat="4" alat="1.082227268674e1">
      <atomic_positions>
        <atom name="Al" index="1">0.000000000000000e0 0.000000000000000e0 0.000000000000000e0</atom>
        <atom name="Al" index="2">5.411136343369254e0 0.000000000000000e0 0.000000000000000e0</atom>
        <atom name="Al" index="3">0.000000000000000e0 5.411136343369254e0 0.000000000000000e0</atom>
        <atom name="Al" index="4">5.411136343369254e0 5.411136343369254e0 0.000000000000000e0</atom>
      </atomic_positions>
      <cell>
        <a1>1.082227268673851e1 0.000000000000000e0 0.000000000000000e0</a1>
        <a2>0.000000000000000e0 1.082227268673851e1 0.000000000000000e0</a2>
        <a3>0.000000000000000e0 0.000000000000000e0 2.267670880879948e1</a3>
      </cell>
    </atomic_structure>
    <total_energy>
      <etot>-2.475834221366666e1</etot>
      <eband>-3.254134593713193e0</eband>
      <ehart>8.032266146602465e1</ehart>
      <vtxc>-3.814365330669464e0</vtxc>
      <etxc>-1.961029585130063e1</etxc>
      <ewald>7.461605816054740e1</ewald>
      <demet>-1.125335695092318e-4</demet>
    </total_energy>
    <forces rank="2" dims="3 4" order="F">
      0.000000000000000e0 0.000000000000000e0 0.000000000000000e0
      0.000000000000000e0 0.000000000000000e0 0.000000000000000e0
      0.000000000000000e0 0.000000000000000e0 0.000000000000000e0
      0.000000000000000e0 0.000000000000000e0 0.000000000000000e0
      </forces>
    <FCP_force>-1.838346484096637e-2</FCP_force>
    <FCP_tot_charge>0.000000000000000e0</FCP_tot_charge>
  </step>
  <step n_step="2">
    <scf_conv>
      <convergence_achieved>true</convergence_achieved>
      <n_scf_steps>1</n_scf_steps>
      <scf_error>8.220376997549819e-7</scf_error>
    </scf_conv>
    <atomic_structure nat="4" alat="1.082227268674e1">
      <atomic_positions>
        <atom name="Al" index="1">0.000000000000000e0 0.000000000000000e0 0.000000000000000e0</atom>
        <atom name="Al" index="2">5.411136343369254e0 0.000000000000000e0 0.000000000000000e0</atom>
        <atom name="Al" index="3">0.000000000000000e0 5.411136343369254e0 0.000000000000000e0</atom>
        <atom name="Al" index="4">5.411136343369254e0 5.411136343369254e0 0.000000000000000e0</atom>
      </atomic_positions>
      <cell>
        <a1>1.082227268673851e1 0.000000000000000e0 0.000000000000000e0</a1>
        <a2>0.000000000000000e0 1.082227268673851e1 0.000000000000000e0</a2>
        <a3>0.000000000000000e0 0.000000000000000e0 2.267670880879948e1</a3>
      </cell>
    </atomic_structure>
    <total_energy>
      <etot>-2.475849454429780e1</etot>
      <eband>-3.253319182331008e0</eband>
      <ehart>8.012380425571020e1</ehart>
      <vtxc>-3.808841287679773e0</vtxc>
      <etxc>-1.960596854763487e1</etxc>
      <ewald>7.461605816054740e1</ewald>
      <demet>-1.268978192121607e-4</demet>
    </total_energy>
    <forces rank="2" dims="3 4" order="F">
      0.000000000000000e0 0.000000000000000e0 0.000000000000000e0
      0.000000000000000e0 0.000000000000000e0 0.000000000000000e0
      0.000000000000000e0 0.000000000000000e0 0.000000000000000e0
      0.000000000000000e0 0.000000000000000e0 0.000000000000000e0
      </forces>
    <FCP_force>-1.810384257239789e-2</FCP_force>
    <FCP_tot_charge>1.511139028308861e-2</FCP_tot_charge>
  </step>
  <step n_step="3">
    <scf_conv>
      <convergence_achieved>true</convergence_achieved>
      <n_scf_steps>23</n_scf_steps>
      <scf_error>1.701179772411885e-9</scf_error>
    </scf_conv>
    <atomic_structure nat="4" alat="1.082227268674e1">
      <atomic_positions>
        <atom name="Al" index="1">0.000000000000000e0 0.000000000000000e0 0.000000000000000e0</atom>
        <atom name="Al" index="2">5.411136343369254e0 0.000000000000000e0 0.000000000000000e0</atom>
        <atom name="Al" index="3">0.000000000000000e0 5.411136343369254e0 0.000000000000000e0</atom>
        <atom name="Al" index="4">5.411136343369254e0 5.411136343369254e0 0.000000000000000e0</atom>
      </atomic_positions>
      <cell>
        <a1>1.082227268673851e1 0.000000000000000e0 0.000000000000000e0</a1>
        <a2>0.000000000000000e0 1.082227268673851e1 0.000000000000000e0</a2>
        <a3>0.000000000000000e0 0.000000000000000e0 2.267670880879948e1</a3>
      </cell>
    </atomic_structure>
    <total_energy>
      <etot>-2.475848661756784e1</etot>
      <eband>-3.569275950459870e0</eband>
      <ehart>8.000208980740789e1</ehart>
      <vtxc>-3.806985958738271e0</vtxc>
      <etxc>-1.960468020171130e1</etxc>
      <ewald>7.461605816054740e1</ewald>
      <demet>-1.620326230825601e-4</demet>
    </total_energy>
    <forces rank="2" dims="3 4" order="F">
      0.000000000000000e0 0.000000000000000e0 0.000000000000000e0
      0.000000000000000e0 0.000000000000000e0 0.000000000000000e0
      0.000000000000000e0 0.000000000000000e0 0.000000000000000e0
      0.000000000000000e0 0.000000000000000e0 0.000000000000000e0
      </forces>
    <FCP_force>8.533862088539651e-3</FCP_force>
    <FCP_tot_charge>3.173391959448679e-2</FCP_tot_charge>
  </step>
  <step n_step="4">
    <scf_conv>
      <convergence_achieved>true</convergence_achieved>
      <n_scf_steps>16</n_scf_steps>
      <scf_error>2.322056615614614e-9</scf_error>
    </scf_conv>
    <atomic_structure nat="4" alat="1.082227268674e1">
      <atomic_positions>
        <atom name="Al" index="1">0.000000000000000e0 0.000000000000000e0 0.000000000000000e0</atom>
        <atom name="Al" index="2">5.411136343369254e0 0.000000000000000e0 0.000000000000000e0</atom>
        <atom name="Al" index="3">0.000000000000000e0 5.411136343369254e0 0.000000000000000e0</atom>
        <atom name="Al" index="4">5.411136343369254e0 5.411136343369254e0 0.000000000000000e0</atom>
      </atomic_positions>
      <cell>
        <a1>1.082227268673851e1 0.000000000000000e0 0.000000000000000e0</a1>
        <a2>0.000000000000000e0 1.082227268673851e1 0.000000000000000e0</a2>
        <a3>0.000000000000000e0 0.000000000000000e0 2.267670880879948e1</a3>
      </cell>
    </atomic_structure>
    <total_energy>
      <etot>-2.475852194315178e1</etot>
      <eband>-3.516341157433623e0</eband>
      <ehart>8.005583492115267e1</ehart>
      <vtxc>-3.808263015945971e0</vtxc>
      <etxc>-1.960565261512615e1</etxc>
      <ewald>7.461605816054740e1</ewald>
      <demet>-1.529899292051977e-4</demet>
    </total_energy>
    <forces rank="2" dims="3 4" order="F">
      0.000000000000000e0 0.000000000000000e0 0.000000000000000e0
      0.000000000000000e0 0.000000000000000e0 0.000000000000000e0
      0.000000000000000e0 0.000000000000000e0 0.000000000000000e0
      0.000000000000000e0 0.000000000000000e0 0.000000000000000e0
      </forces>
    <FCP_force>4.002517585098481e-3</FCP_force>
    <FCP_tot_charge>2.640859691703312e-2</FCP_tot_charge>
  </step>
  <step n_step="5">
    <scf_conv>
      <convergence_achieved>true</convergence_achieved>
      <n_scf_steps>20</n_scf_steps>
      <scf_error>4.357847350149025e-9</scf_error>
    </scf_conv>
    <atomic_structure nat="4" alat="1.082227268674e1">
      <atomic_positions>
        <atom name="Al" index="1">0.000000000000000e0 0.000000000000000e0 0.000000000000000e0</atom>
        <atom name="Al" index="2">5.411136343369254e0 0.000000000000000e0 0.000000000000000e0</atom>
        <atom name="Al" index="3">0.000000000000000e0 5.411136343369254e0 0.000000000000000e0</atom>
        <atom name="Al" index="4">5.411136343369254e0 5.411136343369254e0 0.000000000000000e0</atom>
      </atomic_positions>
      <cell>
        <a1>1.082227268673851e1 0.000000000000000e0 0.000000000000000e0</a1>
        <a2>0.000000000000000e0 1.082227268673851e1 0.000000000000000e0</a2>
        <a3>0.000000000000000e0 0.000000000000000e0 2.267670880879948e1</a3>
      </cell>
    </atomic_structure>
    <total_energy>
      <etot>-2.475853288102069e1</etot>
      <eband>-3.469717211170291e0</eband>
      <ehart>8.010427261970873e1</ehart>
      <vtxc>-3.809383866960316e0</vtxc>
      <etxc>-1.960650574431122e1</etxc>
      <ewald>7.461605816054740e1</ewald>
      <demet>-1.451256769993050e-4</demet>
    </total_energy>
    <forces rank="2" dims="3 4" order="F">
      0.000000000000000e0 0.000000000000000e0 0.000000000000000e0
      0.000000000000000e0 0.000000000000000e0 0.000000000000000e0
      0.000000000000000e0 0.000000000000000e0 0.000000000000000e0
      0.000000000000000e0 0.000000000000000e0 0.000000000000000e0
      </forces>
    <FCP_force>1.447704215037926e-5</FCP_force>
    <FCP_tot_charge>2.170476174258340e-2</FCP_tot_charge>
  </step>
  <output>
    <convergence_info>
      <scf_conv>
        <convergence_achieved>true</convergence_achieved>
        <n_scf_steps>20</n_scf_steps>
        <scf_error>2.178923675074512e-9</scf_error>
      </scf_conv>
      <opt_conv>
        <convergence_achieved>true</convergence_achieved>
        <n_opt_steps>4</n_opt_steps>
        <grad_norm>0.000000000000000e0</grad_norm>
      </opt_conv>
    </convergence_info>
    <algorithmic_info>
      <real_space_q>false</real_space_q>
      <real_space_beta>false</real_space_beta>
      <uspp>true</uspp>
      <paw>false</paw>
    </algorithmic_info>
    <atomic_species ntyp="1" pseudo_dir="/Users/otani/Program/q-e/pseudo/">
      <species name="Al">
        <mass>2.698153800000000e1</mass>
        <pseudo_file>Al.pbe-n-van.UPF</pseudo_file>
      </species>
    </atomic_species>
    <atomic_structure nat="4" alat="1.082227268674e1">
      <atomic_positions>
        <atom name="Al" index="1">0.000000000000000e0 0.000000000000000e0 0.000000000000000e0</atom>
        <atom name="Al" index="2">5.411136343369254e0 0.000000000000000e0 0.000000000000000e0</atom>
        <atom name="Al" index="3">0.000000000000000e0 5.411136343369254e0 0.000000000000000e0</atom>
        <atom name="Al" index="4">5.411136343369254e0 5.411136343369254e0 0.000000000000000e0</atom>
      </atomic_positions>
      <cell>
        <a1>1.082227268673851e1 0.000000000000000e0 0.000000000000000e0</a1>
        <a2>0.000000000000000e0 1.082227268673851e1 0.000000000000000e0</a2>
        <a3>0.000000000000000e0 0.000000000000000e0 2.267670880879948e1</a3>
      </cell>
    </atomic_structure>
    <symmetries>
      <nsym>8</nsym>
      <nrot>16</nrot>
      <space_group>0</space_group>
      <symmetry>
        <info name="identity">crystal_symmetry</info>
        <rotation rank="2" dims="3 3" order="F">
          1.000000000000000e0 0.000000000000000e0 0.000000000000000e0
          0.000000000000000e0 1.000000000000000e0 0.000000000000000e0
          0.000000000000000e0 0.000000000000000e0 1.000000000000000e0
          </rotation>
        <fractional_translation>0.000000000000000e0 0.000000000000000e0 0.000000000000000e0</fractional_translation>
        <equivalent_atoms nat="4" size="4">
          1 2 3 4
          </equivalent_atoms>
      </symmetry>
      <symmetry>
        <info name="180 deg rotation - cart. axis [0,0,1]">crystal_symmetry</info>
        <rotation rank="2" dims="3 3" order="F">
          -1.000000000000000e0 0.000000000000000e0 0.000000000000000e0
          0.000000000000000e0 -1.000000000000000e0 0.000000000000000e0
          0.000000000000000e0 0.000000000000000e0 1.000000000000000e0
          </rotation>
        <fractional_translation>0.000000000000000e0 0.000000000000000e0 0.000000000000000e0</fractional_translation>
        <equivalent_atoms nat="4" size="4">
          1 2 3 4
          </equivalent_atoms>
      </symmetry>
      <symmetry>
        <info name=" 90 deg rotation - cart. axis [0,0,-1]">crystal_symmetry</info>
        <rotation rank="2" dims="3 3" order="F">
          0.000000000000000e0 1.000000000000000e0 0.000000000000000e0
          -1.000000000000000e0 0.000000000000000e0 0.000000000000000e0
          0.000000000000000e0 0.000000000000000e0 1.000000000000000e0
          </rotation>
        <fractional_translation>0.000000000000000e0 0.000000000000000e0 0.000000000000000e0</fractional_translation>
        <equivalent_atoms nat="4" size="4">
          1 3 2 4
          </equivalent_atoms>
      </symmetry>
      <symmetry>
        <info name=" 90 deg rotation - cart. axis [0,0,1]">crystal_symmetry</info>
        <rotation rank="2" dims="3 3" order="F">
          0.000000000000000e0 -1.000000000000000e0 0.000000000000000e0
          1.000000000000000e0 0.000000000000000e0 0.000000000000000e0
          0.000000000000000e0 0.000000000000000e0 1.000000000000000e0
          </rotation>
        <fractional_translation>0.000000000000000e0 0.000000000000000e0 0.000000000000000e0</fractional_translation>
        <equivalent_atoms nat="4" size="4">
          1 3 2 4
          </equivalent_atoms>
      </symmetry>
      <symmetry>
        <info name="inv. 180 deg rotation - cart. axis [0,1,0]">crystal_symmetry</info>
        <rotation rank="2" dims="3 3" order="F">
          1.000000000000000e0 0.000000000000000e0 0.000000000000000e0
          0.000000000000000e0 -1.000000000000000e0 0.000000000000000e0
          0.000000000000000e0 0.000000000000000e0 1.000000000000000e0
          </rotation>
        <fractional_translation>0.000000000000000e0 0.000000000000000e0 0.000000000000000e0</fractional_translation>
        <equivalent_atoms nat="4" size="4">
          1 2 3 4
          </equivalent_atoms>
      </symmetry>
      <symmetry>
        <info name="inv. 180 deg rotation - cart. axis [1,0,0]">crystal_symmetry</info>
        <rotation rank="2" dims="3 3" order="F">
          -1.000000000000000e0 0.000000000000000e0 0.000000000000000e0
          0.000000000000000e0 1.000000000000000e0 0.000000000000000e0
          0.000000000000000e0 0.000000000000000e0 1.000000000000000e0
          </rotation>
        <fractional_translation>0.000000000000000e0 0.000000000000000e0 0.000000000000000e0</fractional_translation>
        <equivalent_atoms nat="4" size="4">
          1 2 3 4
          </equivalent_atoms>
      </symmetry>
      <symmetry>
        <info name="inv. 180 deg rotation - cart. axis [1,1,0]">crystal_symmetry</info>
        <rotation rank="2" dims="3 3" order="F">
          0.000000000000000e0 -1.000000000000000e0 0.000000000000000e0
          -1.000000000000000e0 0.000000000000000e0 0.000000000000000e0
          0.000000000000000e0 0.000000000000000e0 1.000000000000000e0
          </rotation>
        <fractional_translation>0.000000000000000e0 0.000000000000000e0 0.000000000000000e0</fractional_translation>
        <equivalent_atoms nat="4" size="4">
          1 3 2 4
          </equivalent_atoms>
      </symmetry>
      <symmetry>
        <info name="inv. 180 deg rotation - cart. axis [1,-1,0]">crystal_symmetry</info>
        <rotation rank="2" dims="3 3" order="F">
          0.000000000000000e0 1.000000000000000e0 0.000000000000000e0
          1.000000000000000e0 0.000000000000000e0 0.000000000000000e0
          0.000000000000000e0 0.000000000000000e0 1.000000000000000e0
          </rotation>
        <fractional_translation>0.000000000000000e0 0.000000000000000e0 0.000000000000000e0</fractional_translation>
        <equivalent_atoms nat="4" size="4">
          1 3 2 4
          </equivalent_atoms>
      </symmetry>
      <symmetry>
        <info name="inversion">lattice_symmetry</info>
        <rotation rank="2" dims="3 3" order="F">
          -1.000000000000000e0 0.000000000000000e0 0.000000000000000e0
          0.000000000000000e0 -1.000000000000000e0 0.000000000000000e0
          0.000000000000000e0 0.000000000000000e0 -1.000000000000000e0
          </rotation>
      </symmetry>
      <symmetry>
        <info name="inv. 180 deg rotation - cart. axis [0,0,1]">lattice_symmetry</info>
        <rotation rank="2" dims="3 3" order="F">
          1.000000000000000e0 0.000000000000000e0 0.000000000000000e0
          0.000000000000000e0 1.000000000000000e0 0.000000000000000e0
          0.000000000000000e0 0.000000000000000e0 -1.000000000000000e0
          </rotation>
      </symmetry>
      <symmetry>
        <info name="180 deg rotation - cart. axis [1,1,0]">lattice_symmetry</info>
        <rotation rank="2" dims="3 3" order="F">
          0.000000000000000e0 1.000000000000000e0 0.000000000000000e0
          1.000000000000000e0 0.000000000000000e0 0.000000000000000e0
          0.000000000000000e0 0.000000000000000e0 -1.000000000000000e0
          </rotation>
      </symmetry>
      <symmetry>
        <info name="180 deg rotation - cart. axis [1,-1,0]">lattice_symmetry</info>
        <rotation rank="2" dims="3 3" order="F">
          0.000000000000000e0 -1.000000000000000e0 0.000000000000000e0
          -1.000000000000000e0 0.000000000000000e0 0.000000000000000e0
          0.000000000000000e0 0.000000000000000e0 -1.000000000000000e0
          </rotation>
      </symmetry>
      <symmetry>
        <info name="180 deg rotation - cart. axis [0,1,0]">lattice_symmetry</info>
        <rotation rank="2" dims="3 3" order="F">
          -1.000000000000000e0 0.000000000000000e0 0.000000000000000e0
          0.000000000000000e0 1.000000000000000e0 0.000000000000000e0
          0.000000000000000e0 0.000000000000000e0 -1.000000000000000e0
          </rotation>
      </symmetry>
      <symmetry>
        <info name="180 deg rotation - cart. axis [1,0,0]">lattice_symmetry</info>
        <rotation rank="2" dims="3 3" order="F">
          1.000000000000000e0 0.000000000000000e0 0.000000000000000e0
          0.000000000000000e0 -1.000000000000000e0 0.000000000000000e0
          0.000000000000000e0 0.000000000000000e0 -1.000000000000000e0
          </rotation>
      </symmetry>
      <symmetry>
        <info name="inv.  90 deg rotation - cart. axis [0,0,-1]">lattice_symmetry</info>
        <rotation rank="2" dims="3 3" order="F">
          0.000000000000000e0 -1.000000000000000e0 0.000000000000000e0
          1.000000000000000e0 0.000000000000000e0 0.000000000000000e0
          0.000000000000000e0 0.000000000000000e0 -1.000000000000000e0
          </rotation>
      </symmetry>
      <symmetry>
        <info name="inv.  90 deg rotation - cart. axis [0,0,1]">lattice_symmetry</info>
        <rotation rank="2" dims="3 3" order="F">
          0.000000000000000e0 1.000000000000000e0 0.000000000000000e0
          -1.000000000000000e0 0.000000000000000e0 0.000000000000000e0
          0.000000000000000e0 0.000000000000000e0 -1.000000000000000e0
          </rotation>
      </symmetry>
    </symmetries>
    <basis_set>
      <gamma_only>false</gamma_only>
      <ecutwfc>1.000000000000000e1</ecutwfc>
      <ecutrho>4.000000000000000e1</ecutrho>
      <fft_grid nr1="32" nr2="32" nr3="72"></fft_grid>
      <fft_smooth nr1="32" nr2="32" nr3="72"></fft_smooth>
      <fft_box nr1="32" nr2="32" nr3="72"></fft_box>
      <ngm>32157</ngm>
      <ngms>32157</ngms>
      <npwx>4019</npwx>
      <reciprocal_lattice>
        <b1>1.000000000000000e0 0.000000000000000e0 0.000000000000000e0</b1>
        <b2>0.000000000000000e0 1.000000000000000e0 0.000000000000000e0</b2>
        <b3>0.000000000000000e0 0.000000000000000e0 4.772417716339431e-1</b3>
      </reciprocal_lattice>
    </basis_set>
    <dft>
      <functional>PBE</functional>
    </dft>
    <boundary_conditions>
      <assume_isolated>esm</assume_isolated>
    </boundary_conditions>
    <magnetization>
      <lsda>false</lsda>
      <noncolin>false</noncolin>
      <spinorbit>false</spinorbit>
      <total>0.000000000000000e0</total>
      <absolute>0.000000000000000e0</absolute>
      <do_magnetization>true</do_magnetization>
    </magnetization>
    <total_energy>
      <etot>-2.475853288102069e1</etot>
      <eband>-3.469717211170291e0</eband>
      <ehart>8.010427261970873e1</ehart>
      <vtxc>-3.809383866960316e0</vtxc>
      <etxc>-1.960650574431122e1</etxc>
      <ewald>7.461605816054740e1</ewald>
      <demet>-1.451256769993050e-4</demet>
      <potentiostat_contr>-3.787969954332105e-3</potentiostat_contr>
    </total_energy>
    <band_structure>
      <lsda>false</lsda>
      <noncolin>false</noncolin>
      <spinorbit>false</spinorbit>
      <nbnd>10</nbnd>
      <nelec>1.197829523825742e1</nelec>
      <num_of_atomic_wfc>16</num_of_atomic_wfc>
      <wf_collected>true</wf_collected>
      <fermi_energy>-1.745370080543357e-1</fermi_energy>
      <starting_k_points>
        <monkhorst_pack nk1="6" nk2="6" nk3="1" k1="1" k2="1" k3="0">Uniform grid with offset</monkhorst_pack>
      </starting_k_points>
      <nks>6</nks>
      <occupations_kind>smearing</occupations_kind>
      <smearing degauss="1.500000000000e-2">mp</smearing>
      <ks_energies>
        <k_point weight="2.222222222222e-1">8.333333333333332e-2 8.333333333333332e-2 0.000000000000000e0</k_point>
        <npw>3999</npw>
        <eigenvalues size="10">
          -4.354366795037345e-1 -3.040422315809775e-1 -3.040422088654070e-1 -2.412613347533232e-1 -2.412613278107826e-1
          -2.129591926074678e-1 -1.759534793986013e-1 -1.438932200133484e-1 -9.632060740352694e-2 -9.415916636737819e-2
          </eigenvalues>
        <occupations size="10">
          1.000000000000000e0 1.000000000000000e0 1.000000000000000e0 1.000000003041640e0 1.000000003041652e0
          1.000875992619091e0 5.795214093027436e-1 -6.942225079257952e-3 -2.203148148894552e-12 -4.943959476782559e-13
          </occupations>
      </ks_energies>
      <ks_energies>
        <k_point weight="4.444444444444e-1">8.333333333333332e-2 2.500000000000000e-1 0.000000000000000e0</k_point>
        <npw>4011</npw>
        <eigenvalues size="10">
          -4.263173637961529e-1 -3.456627674146351e-1 -2.950690893133432e-1 -2.328928743185479e-1 -2.163341366312991e-1
          -2.042290991317445e-1 -1.835121430238927e-1 -1.629384622996860e-1 -1.282953452656683e-1 -8.567848944359502e-2
          </eigenvalues>
        <occupations size="10">
          1.000000000000000e0 1.000000000000000e0 1.000000000000000e0 1.000000274485907e0 1.000293102789697e0
          1.008538054606816e0 9.192693276993079e-1 1.712009579826963e-2 -5.835338757476427e-5 -9.334618340967314e-16
          </occupations>
      </ks_energies>
      <ks_energies>
        <k_point weight="4.444444444444e-1">8.333333333333332e-2 4.166666666666666e-1 0.000000000000000e0</k_point>
        <npw>4016</npw>
        <eigenvalues size="10">
          -4.081548958791691e-1 -3.811284424285227e-1 -2.772213159124584e-1 -2.507729992890682e-1 -2.163039304962874e-1
          -1.922015407941711e-1 -1.868719001981156e-1 -1.612004569534554e-1 -1.160852970544743e-1 -6.884909940861721e-2
          </eigenvalues>
        <occupations size="10">
          1.000000000000000e0 1.000000000000000e0 1.000000000000000e0 1.000000000008346e0 1.000296138812449e0
          1.035093432248650e0 9.955410177298909e-1 -9.464357900753008e-3 -2.616483980136351e-7 -5.362879311036738e-22
          </occupations>
      </ks_energies>
      <ks_energies>
        <k_point weight="2.222222222222e-1">2.500000000000000e-1 2.500000000000000e-1 0.000000000000000e0</k_point>
        <npw>4007</npw>
        <eigenvalues size="10">
          -4.172126538298523e-1 -3.366830784766932e-1 -3.366830605836066e-1 -2.575067551928078e-1 -1.955083507229739e-1
          -1.753542939341268e-1 -1.753542816910712e-1 -1.271127742459156e-1 -1.197005892638821e-1 -1.197005882916511e-1
          </eigenvalues>
        <occupations size="10">
          1.000000000000000e0 1.000000000000000e0 1.000000000000000e0 1.000000000000078e0 1.031841778221251e0
          5.460344640104554e-1 5.460337766805279e-1 -3.677185995860903e-5 -1.501814216559627e-6 -1.501813535495347e-6
          </occupations>
      </ks_energies>
      <ks_energies>
        <k_point weight="4.444444444444e-1">2.500000000000000e-1 4.166666666666666e-1 0.000000000000000e0</k_point>
        <npw>4019</npw>
        <eigenvalues size="10">
          -3.990732802345284e-1 -3.720881118753303e-1 -3.188088401391932e-1 -2.922716788625563e-1 -1.781787288297340e-1
          -1.595530324474171e-1 -1.525439384213561e-1 -1.381540789685009e-1 -1.087517975050673e-1 -1.025937748488501e-1
          </eigenvalues>
        <occupations size="10">
          1.000000000000000e0 1.000000000000000e0 1.000000000000000e0 1.000000000000000e0 6.988976269789351e-1
          -2.501605113367714e-2 -2.912896059938056e-2 -1.604633456118751e-3 -5.206137441861984e-9 -1.324409906729980e-10
          </occupations>
      </ks_energies>
      <ks_energies>
        <k_point weight="2.222222222222e-1">4.166666666666666e-1 4.166666666666666e-1 0.000000000000000e0</k_point>
        <npw>4005</npw>
        <eigenvalues size="10">
          -3.809918612308386e-1 -3.541000526305250e-1 -3.541000356996608e-1 -3.273471495380951e-1 -1.608785627951145e-1
          -1.353150740839646e-1 -1.353150408244937e-1 -1.098425778952654e-1 -9.596940415026051e-2 -9.362958364740424e-2
          </eigenvalues>
        <occupations size="10">
          1.000000000000000e0 1.000000000000000e0 1.000000000000000e0 1.000000000000000e0 -1.318399954776625e-2
          -6.828738728285277e-4 -6.828667078010225e-4 -9.620503693835134e-9 -1.733203622808410e-12 -3.406112413840718e-13
          </occupations>
      </ks_energies>
    </band_structure>
    <forces rank="2" dims="3 4" order="F">
      0.000000000000000e0 0.000000000000000e0 0.000000000000000e0
      0.000000000000000e0 0.000000000000000e0 0.000000000000000e0
      0.000000000000000e0 0.000000000000000e0 0.000000000000000e0
      0.000000000000000e0 0.000000000000000e0 0.000000000000000e0
      </forces>
    <FCP_force>1.447704215037926e-5</FCP_force>
    <FCP_tot_charge>2.170476174258340e-2</FCP_tot_charge>
  </output>
  <status>0</status>
  <timing_info>
    <total label="PWSCF">
      <cpu>1.394502000000000e1</cpu>
      <wall>1.463181996345520e1</wall>
    </total>
    <partial label="electrons" calls="5">
      <cpu>1.328709300000000e1</cpu>
      <wall>1.390300703048706e1</wall>
    </partial>
  </timing_info>
  <closed DATE="19 May 2020" TIME="14: 8:13"></closed>
</qes:espresso>
